"","match_id","team.id","team.name","jersey_number","player.id","player.name","position.id","position.name"
"1",3788741,909,"Turkey",23,30357,"Ugurcan Çakir",1,"Goalkeeper"
"2",3788741,909,"Turkey",2,10349,"Mehmet Zeki Çelik",2,"Right Back"
"3",3788741,909,"Turkey",3,23558,"Merih Demiral",3,"Right Center Back"
"4",3788741,909,"Turkey",4,8963,"Caglar Söyüncü",5,"Left Center Back"
"5",3788741,909,"Turkey",13,31042,"Cengiz Umut Meras",6,"Left Back"
"6",3788741,909,"Turkey",5,12555,"Okay Yokuslu",10,"Center Defensive Midfield"
"7",3788741,909,"Turkey",9,8541,"Kenan Karaman",12,"Right Midfield"
"8",3788741,909,"Turkey",11,29989,"Yusuf Yazici",13,"Right Center Midfield"
"9",3788741,909,"Turkey",6,11088,"Ozan Tufan",15,"Left Center Midfield"
"10",3788741,909,"Turkey",10,7039,"Hakan Çalhanoglu",16,"Left Midfield"
"11",3788741,909,"Turkey",17,11086,"Burak Yilmaz",23,"Center Forward"
"12",3788741,914,"Italy",21,7036,"Gianluigi Donnarumma",1,"Goalkeeper"
"13",3788741,914,"Italy",24,6964,"Alessandro Florenzi",2,"Right Back"
"14",3788741,914,"Italy",19,7173,"Leonardo Bonucci",3,"Right Center Back"
"15",3788741,914,"Italy",3,6954,"Giorgio Chiellini",5,"Left Center Back"
"16",3788741,914,"Italy",4,8286,"Leonardo Spinazzola",6,"Left Back"
"17",3788741,914,"Italy",8,7024,"Jorge Luiz Frello Filho",10,"Center Defensive Midfield"
"18",3788741,914,"Italy",18,8181,"Nicolò Barella",13,"Right Center Midfield"
"19",3788741,914,"Italy",5,7038,"Manuel Locatelli",15,"Left Center Midfield"
"20",3788741,914,"Italy",11,7131,"Domenico Berardi",17,"Right Wing"
"21",3788741,914,"Italy",10,7037,"Lorenzo Insigne",21,"Left Wing"
"22",3788741,914,"Italy",17,7788,"Ciro Immobile",23,"Center Forward"
"23",3788742,776,"Denmark",1,3815,"Kasper Schmeichel",1,"Goalkeeper"
"24",3788742,776,"Denmark",18,6797,"Daniel Wass",2,"Right Back"
"25",3788742,776,"Denmark",4,5534,"Simon Thorup Kjær",3,"Right Center Back"
"26",3788742,776,"Denmark",6,3959,"Andreas Christensen",5,"Left Center Back"
"27",3788742,776,"Denmark",5,16554,"Joakim Mæhle",6,"Left Back"
"28",3788742,776,"Denmark",23,3570,"Pierre-Emile Højbjerg",10,"Center Defensive Midfield"
"29",3788742,776,"Denmark",10,3043,"Christian Dannemann Eriksen",13,"Right Center Midfield"
"30",3788742,776,"Denmark",8,5527,"Thomas Delaney",15,"Left Center Midfield"
"31",3788742,776,"Denmark",20,5536,"Yussuf Yurary Poulsen",17,"Right Wing"
"32",3788742,776,"Denmark",9,4447,"Martin Braithwaite Christensen",21,"Left Wing"
"33",3788742,776,"Denmark",19,21261,"Jonas Older Wind",23,"Center Forward"
"34",3788742,1835,"Finland",1,8667,"Lukáš Hrádecký",1,"Goalkeeper"
"35",3788742,1835,"Finland",4,26939,"Joona Toivio",3,"Right Center Back"
"36",3788742,1835,"Finland",2,24455,"Paulus Arajuuri",4,"Center Back"
"37",3788742,1835,"Finland",3,38196,"Daniel O""Shaughnessy",5,"Left Center Back"
"38",3788742,1835,"Finland",22,15416,"Jukka Raitala",7,"Right Wing Back"
"39",3788742,1835,"Finland",18,16550,"Jere Juhani Uronen",8,"Left Wing Back"
"40",3788742,1835,"Finland",14,24648,"Tim Sparv",10,"Center Defensive Midfield"
"41",3788742,1835,"Finland",8,24321,"Robin Lod",13,"Right Center Midfield"
"42",3788742,1835,"Finland",6,13215,"Glen Kamara",15,"Left Center Midfield"
"43",3788742,1835,"Finland",20,9725,"Joel Pohjanpalo",22,"Right Center Forward"
"44",3788742,1835,"Finland",10,9476,"Teemu Pukki",24,"Left Center Forward"
"45",3788743,782,"Belgium",1,3509,"Thibaut Courtois",1,"Goalkeeper"
"46",3788743,782,"Belgium",2,20005,"Toby Alderweireld",3,"Right Center Back"
"47",3788743,782,"Belgium",4,5639,"Anga Dedryck Boyata",4,"Center Back"
"48",3788743,782,"Belgium",5,3077,"Jan Vertonghen",5,"Left Center Back"
"49",3788743,782,"Belgium",21,6989,"Timothy Castagne",7,"Right Wing Back"
"50",3788743,782,"Belgium",16,5632,"Thorgan Hazard",8,"Left Wing Back"
"51",3788743,782,"Belgium",19,6331,"Leander Dendoncker",9,"Right Defensive Midfield"
"52",3788743,782,"Belgium",8,2954,"Youri Tielemans",11,"Left Defensive Midfield"
"53",3788743,782,"Belgium",14,5630,"Dries Mertens",18,"Right Attacking Midfield"
"54",3788743,782,"Belgium",11,5633,"Yannick Ferreira Carrasco",20,"Left Attacking Midfield"
"55",3788743,782,"Belgium",9,3289,"Romelu Lukaku Menama",23,"Center Forward"
"56",3788743,796,"Russia",1,38119,"Anton Shunin",1,"Goalkeeper"
"57",3788743,796,"Russia",2,5170,"Mário Figueira Fernandes",2,"Right Back"
"58",3788743,796,"Russia",5,34588,"Andrey Semenov",3,"Right Center Back"
"59",3788743,796,"Russia",14,16583,"Georgiy Dzhikiya",5,"Left Center Back"
"60",3788743,796,"Russia",18,5193,"Yuri Zhirkov",6,"Left Back"
"61",3788743,796,"Russia",8,18735,"Dmitriy Barinov",9,"Right Defensive Midfield"
"62",3788743,796,"Russia",7,20845,"Magomed Ozdoev",11,"Left Defensive Midfield"
"63",3788743,796,"Russia",11,5171,"Roman Zobnin",17,"Right Wing"
"64",3788743,796,"Russia",17,5177,"Aleksandr Golovin",19,"Center Attacking Midfield"
"65",3788743,796,"Russia",23,5179,"Daler Kuzyaev",21,"Left Wing"
"66",3788743,796,"Russia",22,5195,"Artem Dzyuba",23,"Center Forward"
"67",3788744,907,"Wales",12,9914,"Danny Ward",1,"Goalkeeper"
"68",3788744,907,"Wales",14,4774,"Connor Roberts",2,"Right Back"
"69",3788744,907,"Wales",22,4767,"Chris Mepham",3,"Right Center Back"
"70",3788744,907,"Wales",6,11250,"Joe Rodon",5,"Left Center Back"
"71",3788744,907,"Wales",4,3086,"Ben Davies",6,"Left Back"
"72",3788744,907,"Wales",7,10931,"Joe Allen",10,"Center Defensive Midfield"
"73",3788744,907,"Wales",11,6399,"Gareth Frank Bale",12,"Right Midfield"
"74",3788744,907,"Wales",16,22074,"Joseff Morrell",13,"Right Center Midfield"
"75",3788744,907,"Wales",10,3517,"Aaron Ramsey",15,"Left Center Midfield"
"76",3788744,907,"Wales",20,11252,"Daniel James",16,"Left Midfield"
"77",3788744,907,"Wales",13,3853,"Kieffer Roberto Francisco Moore",23,"Center Forward"
"78",3788744,773,"Switzerland",1,5550,"Yann Sommer",1,"Goalkeeper"
"79",3788744,773,"Switzerland",4,8814,"Nico Elvedi",3,"Right Center Back"
"80",3788744,773,"Switzerland",22,5537,"Fabian Lukas Schär",4,"Center Back"
"81",3788744,773,"Switzerland",5,5549,"Manuel Obafemi Akanji",5,"Left Center Back"
"82",3788744,773,"Switzerland",2,16027,"Kevin Mbabu",7,"Right Wing Back"
"83",3788744,773,"Switzerland",13,5544,"Ricardo Iván Rodríguez Araya",8,"Left Wing Back"
"84",3788744,773,"Switzerland",8,6983,"Remo Freuler",9,"Right Defensive Midfield"
"85",3788744,773,"Switzerland",10,3500,"Granit Xhaka",11,"Left Defensive Midfield"
"86",3788744,773,"Switzerland",23,3533,"Xherdan Shaqiri",19,"Center Attacking Midfield"
"87",3788744,773,"Switzerland",9,5543,"Haris Seferovic",22,"Right Center Forward"
"88",3788744,773,"Switzerland",7,5545,"Breel-Donald Embolo",24,"Left Center Forward"
"89",3788745,768,"England",1,3468,"Jordan Pickford",1,"Goalkeeper"
"90",3788745,768,"England",2,3205,"Kyle Walker",2,"Right Back"
"91",3788745,768,"England",5,3244,"John Stones",3,"Right Center Back"
"92",3788745,768,"England",15,3323,"Tyrone Mings",5,"Left Center Back"
"93",3788745,768,"England",12,3308,"Kieran Trippier",6,"Left Back"
"94",3788745,768,"England",14,4706,"Kalvin Phillips",9,"Right Defensive Midfield"
"95",3788745,768,"England",4,3943,"Declan Rice",11,"Left Defensive Midfield"
"96",3788745,768,"England",20,4354,"Philip Foden",17,"Right Wing"
"97",3788745,768,"England",19,7843,"Mason Mount",19,"Center Attacking Midfield"
"98",3788745,768,"England",10,3233,"Raheem Sterling",21,"Left Wing"
"99",3788745,768,"England",9,10955,"Harry Kane",23,"Center Forward"
"100",3788745,785,"Croatia",1,16531,"Dominik Livakovic",1,"Goalkeeper"
"101",3788745,785,"Croatia",2,5461,"Šime Vrsaljko",2,"Right Back"
"102",3788745,785,"Croatia",21,5468,"Domagoj Vida",3,"Right Center Back"
"103",3788745,785,"Croatia",5,6307,"Duje Caleta-Car",5,"Left Center Back"
"104",3788745,785,"Croatia",25,33018,"Joško Gvardiol",6,"Left Back"
"105",3788745,785,"Croatia",11,5469,"Marcelo Brozovic",10,"Center Defensive Midfield"
"106",3788745,785,"Croatia",10,5463,"Luka Modric",13,"Right Center Midfield"
"107",3788745,785,"Croatia",8,5456,"Mateo Kovacic",15,"Left Center Midfield"
"108",3788745,785,"Croatia",9,5460,"Andrej Kramaric",17,"Right Wing"
"109",3788745,785,"Croatia",4,5474,"Ivan Perišic",21,"Left Wing"
"110",3788745,785,"Croatia",17,5465,"Ante Rebic",23,"Center Forward"
"111",3788746,941,"Netherlands",1,20201,"Maarten Stekelenburg",1,"Goalkeeper"
"112",3788746,941,"Netherlands",25,21809,"Jurriën David Norman Timber",3,"Right Center Back"
"113",3788746,941,"Netherlands",6,7787,"Stefan de Vrij",4,"Center Back"
"114",3788746,941,"Netherlands",17,3311,"Daley Blind",5,"Left Center Back"
"115",3788746,941,"Netherlands",22,8125,"Denzel Dumfries",7,"Right Wing Back"
"116",3788746,941,"Netherlands",12,3321,"Patrick van Aanholt",8,"Left Wing Back"
"117",3788746,941,"Netherlands",15,6994,"Marten de Roon",9,"Right Defensive Midfield"
"118",3788746,941,"Netherlands",21,8118,"Frenkie de Jong",11,"Left Defensive Midfield"
"119",3788746,941,"Netherlands",8,3567,"Georginio Wijnaldum",19,"Center Attacking Midfield"
"120",3788746,941,"Netherlands",19,7829,"Wout Weghorst",22,"Right Center Forward"
"121",3788746,941,"Netherlands",10,2988,"Memphis Depay",24,"Left Center Forward"
"122",3788746,911,"Ukraine",1,22243,"Heorhii Bushchan",1,"Goalkeeper"
"123",3788746,911,"Ukraine",21,31900,"Oleksandr Karavaev",2,"Right Back"
"124",3788746,911,"Ukraine",13,39136,"Illia Zabarnyi",3,"Right Center Back"
"125",3788746,911,"Ukraine",22,18617,"Mykola Matviyenko",5,"Left Center Back"
"126",3788746,911,"Ukraine",16,20827,"Vitalii Mykolenko",6,"Left Back"
"127",3788746,911,"Ukraine",5,16514,"Serhii Sydorchuk",10,"Center Defensive Midfield"
"128",3788746,911,"Ukraine",8,16557,"Ruslan Malinovskiy",13,"Right Center Midfield"
"129",3788746,911,"Ukraine",17,3575,"Oleksandr Zinchenko",15,"Left Center Midfield"
"130",3788746,911,"Ukraine",7,8830,"Andriy Yarmolenko",17,"Right Wing"
"131",3788746,911,"Ukraine",20,31892,"Oleksandr Zubkov",21,"Left Wing"
"132",3788746,911,"Ukraine",9,23649,"Roman Yaremchuk",23,"Center Forward"
"133",3788747,915,"Austria",13,21532,"Daniel Bachmann",1,"Goalkeeper"
"134",3788747,915,"Austria",3,3969,"Aleksandar Dragovic",3,"Right Center Back"
"135",3788747,915,"Austria",8,8220,"David Olatukunbo Alaba",4,"Center Back"
"136",3788747,915,"Austria",4,8307,"Martin Hinteregger",5,"Left Center Back"
"137",3788747,915,"Austria",21,8779,"Stefan Lainer",7,"Right Wing Back"
"138",3788747,915,"Austria",2,8777,"Andreas Ulmer",8,"Left Wing Back"
"139",3788747,915,"Austria",23,8769,"Xaver Schlager",10,"Center Defensive Midfield"
"140",3788747,915,"Austria",24,8506,"Konrad Laimer",13,"Right Center Midfield"
"141",3788747,915,"Austria",9,8518,"Marcel Sabitzer",15,"Left Center Midfield"
"142",3788747,915,"Austria",25,18762,"Sasa Kalajdzic",22,"Right Center Forward"
"143",3788747,915,"Austria",19,24977,"Christoph Baumgartner",24,"Left Center Forward"
"144",3788747,2358,"North Macedonia",1,21397,"Stole Dimitrievski",1,"Goalkeeper"
"145",3788747,2358,"North Macedonia",13,10592,"Stefan Ristovski",3,"Right Center Back"
"146",3788747,2358,"North Macedonia",14,30644,"Darko Velkovski",4,"Center Back"
"147",3788747,2358,"North Macedonia",6,46906,"Visar Musliu",5,"Left Center Back"
"148",3788747,2358,"North Macedonia",16,16740,"Boban Nikolov",7,"Right Wing Back"
"149",3788747,2358,"North Macedonia",8,4713,"Ezgjan Alioski",8,"Left Wing Back"
"150",3788747,2358,"North Macedonia",5,18879,"Arijan Ademi",10,"Center Defensive Midfield"
"151",3788747,2358,"North Macedonia",17,6782,"Enis Bardhi",13,"Right Center Midfield"
"152",3788747,2358,"North Macedonia",21,16535,"Eljif Elmas",15,"Left Center Midfield"
"153",3788747,2358,"North Macedonia",10,7146,"Goran Pandev",22,"Right Center Forward"
"154",3788747,2358,"North Macedonia",9,30512,"Aleksandar Trajkovski",24,"Left Center Forward"
"155",3788748,942,"Scotland",15,9645,"David Marshall",1,"Goalkeeper"
"156",3788748,942,"Scotland",15,11116,"Jack Hendry",3,"Right Center Back"
"157",3788748,942,"Scotland",15,9481,"Grant Hanley",4,"Center Back"
"158",3788748,942,"Scotland",15,9621,"Liam Cooper",5,"Left Center Back"
"159",3788748,942,"Scotland",15,9048,"Stephen O""Donnell",7,"Right Wing Back"
"160",3788748,942,"Scotland",15,3655,"Andrew Robertson",8,"Left Wing Back"
"161",3788748,942,"Scotland",15,3620,"Scott McTominay",10,"Center Defensive Midfield"
"162",3788748,942,"Scotland",15,9974,"John McGinn",13,"Right Center Midfield"
"163",3788748,942,"Scotland",15,10285,"Stuart Armstrong",15,"Left Center Midfield"
"164",3788748,942,"Scotland",15,29571,"Lyndon Dykes",22,"Right Center Forward"
"165",3788748,942,"Scotland",15,12510,"Ryan Christie",24,"Left Center Forward"
"166",3788748,912,"Czech Republic",15,11541,"Tomáš Vaclík",1,"Goalkeeper"
"167",3788748,912,"Czech Republic",15,16570,"Vladimír Coufal",2,"Right Back"
"168",3788748,912,"Czech Republic",15,30328,"Ondrej Celustka",3,"Right Center Back"
"169",3788748,912,"Czech Republic",15,13197,"Tomáš Kalas",5,"Left Center Back"
"170",3788748,912,"Czech Republic",15,4875,"Jan Boril",6,"Left Back"
"171",3788748,912,"Czech Republic",15,23452,"Alex Král",9,"Right Defensive Midfield"
"172",3788748,912,"Czech Republic",15,4870,"Tomáš Soucek",11,"Left Defensive Midfield"
"173",3788748,912,"Czech Republic",15,16472,"Lukáš Masopust",17,"Right Wing"
"174",3788748,912,"Czech Republic",15,8579,"Vladimír Darida",19,"Center Attacking Midfield"
"175",3788748,912,"Czech Republic",15,8095,"Jakub Jankto",21,"Left Wing"
"176",3788748,912,"Czech Republic",15,7044,"Patrik Schick",23,"Center Forward"
"177",3788749,789,"Poland",1,5669,"Wojciech Szczesny",1,"Goalkeeper"
"178",3788749,789,"Poland",18,5673,"Bartosz Bereszynski",3,"Right Center Back"
"179",3788749,789,"Poland",15,3034,"Kamil Glik",4,"Center Back"
"180",3788749,789,"Poland",5,4626,"Jan Bednarek",5,"Left Center Back"
"181",3788749,789,"Poland",21,4673,"Kamil Józwiak",7,"Right Wing Back"
"182",3788749,789,"Poland",13,5672,"Maciej Rybus",8,"Left Wing Back"
"183",3788749,789,"Poland",10,3637,"Grzegorz Krychowiak",10,"Center Defensive Midfield"
"184",3788749,789,"Poland",14,9622,"Mateusz Andrzej Klich",13,"Right Center Midfield"
"185",3788749,789,"Poland",8,7964,"Karol Linetty",15,"Left Center Midfield"
"186",3788749,789,"Poland",9,5668,"Robert Lewandowski",22,"Right Center Forward"
"187",3788749,789,"Poland",20,5660,"Piotr Zielinski",24,"Left Center Forward"
"188",3788749,908,"Slovakia",1,3711,"Martin Dúbravka",1,"Goalkeeper"
"189",3788749,908,"Slovakia",2,9722,"Peter Pekarík",2,"Right Back"
"190",3788749,908,"Slovakia",5,30397,"Lubomír Šatka",3,"Right Center Back"
"191",3788749,908,"Slovakia",14,6990,"Milan Škriniar",5,"Left Center Back"
"192",3788749,908,"Slovakia",15,4421,"Tomáš Hubocan",6,"Left Back"
"193",3788749,908,"Slovakia",19,10919,"Juraj Kucka",9,"Right Defensive Midfield"
"194",3788749,908,"Slovakia",25,20002,"Jakub Hromada",11,"Left Defensive Midfield"
"195",3788749,908,"Slovakia",18,7975,"Lukáš Haraslín",17,"Right Wing"
"196",3788749,908,"Slovakia",17,7025,"Marek Hamšík",19,"Center Attacking Midfield"
"197",3788749,908,"Slovakia",20,16307,"Róbert Mak",21,"Left Wing"
"198",3788749,908,"Slovakia",8,8967,"Ondrej Duda",23,"Center Forward"
"199",3788750,772,"Spain",23,11748,"Unai Simón Mendibil",1,"Goalkeeper"
"200",3788750,772,"Spain",6,6840,"Marcos Llorente Moreno",2,"Right Back"
"201",3788750,772,"Spain",24,4353,"Aymeric Laporte",3,"Right Center Back"
"202",3788750,772,"Spain",4,6892,"Pau Francisco Torres",5,"Left Center Back"
"203",3788750,772,"Spain",18,5211,"Jordi Alba Ramos",6,"Left Back"
"204",3788750,772,"Spain",16,6765,"Rodrigo Hernández Cascante",10,"Center Defensive Midfield"
"205",3788750,772,"Spain",8,5199,"Jorge Resurrección Merodio",13,"Right Center Midfield"
"206",3788750,772,"Spain",26,30486,"Pedro González López",15,"Left Center Midfield"
"207",3788750,772,"Spain",11,6748,"Ferrán Torres García",17,"Right Wing"
"208",3788750,772,"Spain",19,16532,"Daniel Olmo Carvajal",21,"Left Wing"
"209",3788750,772,"Spain",7,3477,"Álvaro Borja Morata Martín",23,"Center Forward"
"210",3788750,790,"Sweden",1,5622,"Robin Olsen",1,"Goalkeeper"
"211",3788750,790,"Sweden",2,5612,"Mikael Lustig",2,"Right Back"
"212",3788750,790,"Sweden",3,3702,"Victor Nilsson Lindelöf",3,"Right Center Back"
"213",3788750,790,"Sweden",24,26875,"Marcus Andreas Danielsson",5,"Left Center Back"
"214",3788750,790,"Sweden",6,5621,"Ludwig Augustinsson",6,"Left Back"
"215",3788750,790,"Sweden",20,23444,"Kristoffer Olsson",9,"Right Defensive Midfield"
"216",3788750,790,"Sweden",8,5624,"Albin Ekdal",11,"Left Defensive Midfield"
"217",3788750,790,"Sweden",7,5617,"Sebastian Larsson",12,"Right Midfield"
"218",3788750,790,"Sweden",10,5625,"Emil Peter Forsberg",16,"Left Midfield"
"219",3788750,790,"Sweden",9,11098,"Marcus Berg",22,"Right Center Forward"
"220",3788750,790,"Sweden",11,8819,"Alexander Isak",24,"Left Center Forward"
"221",3788751,771,"France",1,3099,"Hugo Lloris",1,"Goalkeeper"
"222",3788751,771,"France",2,5476,"Benjamin Pavard",2,"Right Back"
"223",3788751,771,"France",4,5485,"Raphaël Varane",3,"Right Center Back"
"224",3788751,771,"France",3,2999,"Presnel Kimpembe",5,"Left Center Back"
"225",3788751,771,"France",21,5484,"Lucas Hernández Pi",6,"Left Back"
"226",3788751,771,"France",13,3961,"N''Golo Kanté",10,"Center Defensive Midfield"
"227",3788751,771,"France",6,20004,"Paul Pogba",13,"Right Center Midfield"
"228",3788751,771,"France",14,3026,"Adrien Rabiot",15,"Left Center Midfield"
"229",3788751,771,"France",7,5487,"Antoine Griezmann",17,"Right Wing"
"230",3788751,771,"France",10,3009,"Kylian Mbappé Lottin",21,"Left Wing"
"231",3788751,771,"France",19,19677,"Karim Benzema",23,"Center Forward"
"232",3788751,770,"Germany",1,5570,"Manuel Neuer",1,"Goalkeeper"
"233",3788751,770,"Germany",4,8808,"Matthias Ginter",3,"Right Center Back"
"234",3788751,770,"Germany",5,5572,"Mats Hummels",4,"Center Back"
"235",3788751,770,"Germany",2,3167,"Antonio Rüdiger",5,"Left Center Back"
"236",3788751,770,"Germany",6,5579,"Joshua Kimmich",7,"Right Wing Back"
"237",3788751,770,"Germany",20,6985,"Robin Gosens",8,"Left Wing Back"
"238",3788751,770,"Germany",21,10287,"Ilkay Gündogan",9,"Right Defensive Midfield"
"239",3788751,770,"Germany",8,5574,"Toni Kroos",11,"Left Defensive Midfield"
"240",3788751,770,"Germany",7,8966,"Kai Havertz",18,"Right Attacking Midfield"
"241",3788751,770,"Germany",25,5562,"Thomas Müller",20,"Left Attacking Midfield"
"242",3788751,770,"Germany",10,8400,"Serge Gnabry",23,"Center Forward"
"243",3788752,916,"Hungary",1,8524,"Péter Gulácsi",1,"Goalkeeper"
"244",3788752,916,"Hungary",21,31887,"Endre Botka",3,"Right Center Back"
"245",3788752,916,"Hungary",6,8509,"Willi Orban",4,"Center Back"
"246",3788752,916,"Hungary",4,46376,"Attila Szalai",5,"Left Center Back"
"247",3788752,916,"Hungary",14,10794,"Gergo Lovrencsics",7,"Right Wing Back"
"248",3788752,916,"Hungary",5,11268,"Attila Fiola",8,"Left Wing Back"
"249",3788752,916,"Hungary",8,7162,"Ádám Nagy",10,"Center Defensive Midfield"
"250",3788752,916,"Hungary",15,16502,"László Kleinheisler",13,"Right Center Midfield"
"251",3788752,916,"Hungary",13,42822,"András Schäfer",15,"Left Center Midfield"
"252",3788752,916,"Hungary",20,19316,"Roland Sallai",22,"Right Center Forward"
"253",3788752,916,"Hungary",9,8407,"Ádám Szalai",24,"Left Center Forward"
"254",3788752,780,"Portugal",1,5205,"Rui Pedro dos Santos Patrício",1,"Goalkeeper"
"255",3788752,780,"Portugal",2,6374,"Nélson Cabral Semedo",2,"Right Back"
"256",3788752,780,"Portugal",3,20016,"Kléper Laveran Lima Ferreira",3,"Right Center Back"
"257",3788752,780,"Portugal",4,5206,"Rúben Santos Gato Alves Dias",5,"Left Center Back"
"258",3788752,780,"Portugal",5,5209,"Raphaël Adelino José Guerreiro",6,"Left Back"
"259",3788752,780,"Portugal",13,13621,"Danilo Luís Hélio Pereira",13,"Right Center Midfield"
"260",3788752,780,"Portugal",14,5214,"William Silva de Carvalho",15,"Left Center Midfield"
"261",3788752,780,"Portugal",10,3193,"Bernardo Mota Veiga de Carvalho e Silva",17,"Right Wing"
"262",3788752,780,"Portugal",11,5204,"Bruno Miguel Borges Fernandes",19,"Center Attacking Midfield"
"263",3788752,780,"Portugal",21,9929,"Diogo José Teixeira da Silva",21,"Left Wing"
"264",3788752,780,"Portugal",7,5207,"Cristiano Ronaldo dos Santos Aveiro",23,"Center Forward"
"265",3788753,1835,"Finland",1,8667,"Lukáš Hrádecký",1,"Goalkeeper"
"266",3788753,1835,"Finland",4,26939,"Joona Toivio",3,"Right Center Back"
"267",3788753,1835,"Finland",2,24455,"Paulus Arajuuri",4,"Center Back"
"268",3788753,1835,"Finland",3,38196,"Daniel O""Shaughnessy",5,"Left Center Back"
"269",3788753,1835,"Finland",22,15416,"Jukka Raitala",7,"Right Wing Back"
"270",3788753,1835,"Finland",18,16550,"Jere Juhani Uronen",8,"Left Wing Back"
"271",3788753,1835,"Finland",11,12807,"Rasmus Schüller",10,"Center Defensive Midfield"
"272",3788753,1835,"Finland",8,24321,"Robin Lod",13,"Right Center Midfield"
"273",3788753,1835,"Finland",6,13215,"Glen Kamara",15,"Left Center Midfield"
"274",3788753,1835,"Finland",10,9476,"Teemu Pukki",22,"Right Center Forward"
"275",3788753,1835,"Finland",20,9725,"Joel Pohjanpalo",24,"Left Center Forward"
"276",3788753,796,"Russia",16,21298,"Matvey Safonov",1,"Goalkeeper"
"277",3788753,796,"Russia",8,18735,"Dmitriy Barinov",3,"Right Center Back"
"278",3788753,796,"Russia",3,31917,"Igor Diveev",4,"Center Back"
"279",3788753,796,"Russia",14,16583,"Georgiy Dzhikiya",5,"Left Center Back"
"280",3788753,796,"Russia",2,5170,"Mário Figueira Fernandes",7,"Right Wing Back"
"281",3788753,796,"Russia",23,5179,"Daler Kuzyaev",8,"Left Wing Back"
"282",3788753,796,"Russia",7,20845,"Magomed Ozdoev",9,"Right Defensive Midfield"
"283",3788753,796,"Russia",11,5171,"Roman Zobnin",11,"Left Defensive Midfield"
"284",3788753,796,"Russia",15,6299,"Aleksey Miranchuk",18,"Right Attacking Midfield"
"285",3788753,796,"Russia",17,5177,"Aleksandr Golovin",20,"Left Attacking Midfield"
"286",3788753,796,"Russia",22,5195,"Artem Dzyuba",23,"Center Forward"
"287",3788754,914,"Italy",21,7036,"Gianluigi Donnarumma",1,"Goalkeeper"
"288",3788754,914,"Italy",2,11514,"Giovanni Di Lorenzo",2,"Right Back"
"289",3788754,914,"Italy",19,7173,"Leonardo Bonucci",3,"Right Center Back"
"290",3788754,914,"Italy",3,6954,"Giorgio Chiellini",5,"Left Center Back"
"291",3788754,914,"Italy",4,8286,"Leonardo Spinazzola",6,"Left Back"
"292",3788754,914,"Italy",8,7024,"Jorge Luiz Frello Filho",10,"Center Defensive Midfield"
"293",3788754,914,"Italy",18,8181,"Nicolò Barella",13,"Right Center Midfield"
"294",3788754,914,"Italy",5,7038,"Manuel Locatelli",15,"Left Center Midfield"
"295",3788754,914,"Italy",11,7131,"Domenico Berardi",17,"Right Wing"
"296",3788754,914,"Italy",10,7037,"Lorenzo Insigne",21,"Left Wing"
"297",3788754,914,"Italy",17,7788,"Ciro Immobile",23,"Center Forward"
"298",3788754,773,"Switzerland",1,5550,"Yann Sommer",1,"Goalkeeper"
"299",3788754,773,"Switzerland",4,8814,"Nico Elvedi",3,"Right Center Back"
"300",3788754,773,"Switzerland",22,5537,"Fabian Lukas Schär",4,"Center Back"
"301",3788754,773,"Switzerland",5,5549,"Manuel Obafemi Akanji",5,"Left Center Back"
"302",3788754,773,"Switzerland",2,16027,"Kevin Mbabu",7,"Right Wing Back"
"303",3788754,773,"Switzerland",13,5544,"Ricardo Iván Rodríguez Araya",8,"Left Wing Back"
"304",3788754,773,"Switzerland",8,6983,"Remo Freuler",9,"Right Defensive Midfield"
"305",3788754,773,"Switzerland",10,3500,"Granit Xhaka",11,"Left Defensive Midfield"
"306",3788754,773,"Switzerland",23,3533,"Xherdan Shaqiri",19,"Center Attacking Midfield"
"307",3788754,773,"Switzerland",9,5543,"Haris Seferovic",22,"Right Center Forward"
"308",3788754,773,"Switzerland",7,5545,"Breel-Donald Embolo",24,"Left Center Forward"
"309",3788755,909,"Turkey",23,30357,"Ugurcan Çakir",1,"Goalkeeper"
"310",3788755,909,"Turkey",2,10349,"Mehmet Zeki Çelik",2,"Right Back"
"311",3788755,909,"Turkey",22,12293,"Kaan Ayhan",3,"Right Center Back"
"312",3788755,909,"Turkey",4,8963,"Caglar Söyüncü",5,"Left Center Back"
"313",3788755,909,"Turkey",13,31042,"Cengiz Umut Meras",6,"Left Back"
"314",3788755,909,"Turkey",5,12555,"Okay Yokuslu",10,"Center Defensive Midfield"
"315",3788755,909,"Turkey",7,6971,"Cengiz Ünder",12,"Right Midfield"
"316",3788755,909,"Turkey",6,11088,"Ozan Tufan",13,"Right Center Midfield"
"317",3788755,909,"Turkey",10,7039,"Hakan Çalhanoglu",15,"Left Center Midfield"
"318",3788755,909,"Turkey",9,8541,"Kenan Karaman",16,"Left Midfield"
"319",3788755,909,"Turkey",17,11086,"Burak Yilmaz",23,"Center Forward"
"320",3788755,907,"Wales",12,9914,"Danny Ward",1,"Goalkeeper"
"321",3788755,907,"Wales",14,4774,"Connor Roberts",2,"Right Back"
"322",3788755,907,"Wales",22,4767,"Chris Mepham",3,"Right Center Back"
"323",3788755,907,"Wales",6,11250,"Joe Rodon",5,"Left Center Back"
"324",3788755,907,"Wales",4,3086,"Ben Davies",6,"Left Back"
"325",3788755,907,"Wales",7,10931,"Joe Allen",10,"Center Defensive Midfield"
"326",3788755,907,"Wales",20,11252,"Daniel James",12,"Right Midfield"
"327",3788755,907,"Wales",16,22074,"Joseff Morrell",13,"Right Center Midfield"
"328",3788755,907,"Wales",10,3517,"Aaron Ramsey",15,"Left Center Midfield"
"329",3788755,907,"Wales",11,6399,"Gareth Frank Bale",16,"Left Midfield"
"330",3788755,907,"Wales",13,3853,"Kieffer Roberto Francisco Moore",23,"Center Forward"
"331",3788756,941,"Netherlands",1,20201,"Maarten Stekelenburg",1,"Goalkeeper"
"332",3788756,941,"Netherlands",6,7787,"Stefan de Vrij",3,"Right Center Back"
"333",3788756,941,"Netherlands",3,8069,"Matthijs de Ligt",4,"Center Back"
"334",3788756,941,"Netherlands",17,3311,"Daley Blind",5,"Left Center Back"
"335",3788756,941,"Netherlands",22,8125,"Denzel Dumfries",7,"Right Wing Back"
"336",3788756,941,"Netherlands",12,3321,"Patrick van Aanholt",8,"Left Wing Back"
"337",3788756,941,"Netherlands",15,6994,"Marten de Roon",9,"Right Defensive Midfield"
"338",3788756,941,"Netherlands",21,8118,"Frenkie de Jong",11,"Left Defensive Midfield"
"339",3788756,941,"Netherlands",8,3567,"Georginio Wijnaldum",19,"Center Attacking Midfield"
"340",3788756,941,"Netherlands",19,7829,"Wout Weghorst",22,"Right Center Forward"
"341",3788756,941,"Netherlands",10,2988,"Memphis Depay",24,"Left Center Forward"
"342",3788756,915,"Austria",13,21532,"Daniel Bachmann",1,"Goalkeeper"
"343",3788756,915,"Austria",3,3969,"Aleksandar Dragovic",3,"Right Center Back"
"344",3788756,915,"Austria",8,8220,"David Olatukunbo Alaba",4,"Center Back"
"345",3788756,915,"Austria",4,8307,"Martin Hinteregger",5,"Left Center Back"
"346",3788756,915,"Austria",21,8779,"Stefan Lainer",7,"Right Wing Back"
"347",3788756,915,"Austria",2,8777,"Andreas Ulmer",8,"Left Wing Back"
"348",3788756,915,"Austria",23,8769,"Xaver Schlager",10,"Center Defensive Midfield"
"349",3788756,915,"Austria",24,8506,"Konrad Laimer",13,"Right Center Midfield"
"350",3788756,915,"Austria",9,8518,"Marcel Sabitzer",15,"Left Center Midfield"
"351",3788756,915,"Austria",19,24977,"Christoph Baumgartner",22,"Right Center Forward"
"352",3788756,915,"Austria",11,8309,"Michael Gregoritsch",24,"Left Center Forward"
"353",3788757,776,"Denmark",1,3815,"Kasper Schmeichel",1,"Goalkeeper"
"354",3788757,776,"Denmark",6,3959,"Andreas Christensen",3,"Right Center Back"
"355",3788757,776,"Denmark",4,5534,"Simon Thorup Kjær",4,"Center Back"
"356",3788757,776,"Denmark",3,8815,"Jannik Vestergaard",5,"Left Center Back"
"357",3788757,776,"Denmark",18,6797,"Daniel Wass",7,"Right Wing Back"
"358",3788757,776,"Denmark",5,16554,"Joakim Mæhle",8,"Left Wing Back"
"359",3788757,776,"Denmark",23,3570,"Pierre-Emile Højbjerg",9,"Right Defensive Midfield"
"360",3788757,776,"Denmark",8,5527,"Thomas Delaney",11,"Left Defensive Midfield"
"361",3788757,776,"Denmark",9,4447,"Martin Braithwaite Christensen",18,"Right Attacking Midfield"
"362",3788757,776,"Denmark",14,24443,"Mikkel Damsgaard",20,"Left Attacking Midfield"
"363",3788757,776,"Denmark",20,5536,"Yussuf Yurary Poulsen",23,"Center Forward"
"364",3788757,782,"Belgium",1,3509,"Thibaut Courtois",1,"Goalkeeper"
"365",3788757,782,"Belgium",2,20005,"Toby Alderweireld",3,"Right Center Back"
"366",3788757,782,"Belgium",18,13116,"Jason Denayer",4,"Center Back"
"367",3788757,782,"Belgium",5,3077,"Jan Vertonghen",5,"Left Center Back"
"368",3788757,782,"Belgium",15,3176,"Thomas Meunier",7,"Right Wing Back"
"369",3788757,782,"Belgium",16,5632,"Thorgan Hazard",8,"Left Wing Back"
"370",3788757,782,"Belgium",19,6331,"Leander Dendoncker",9,"Right Defensive Midfield"
"371",3788757,782,"Belgium",8,2954,"Youri Tielemans",11,"Left Defensive Midfield"
"372",3788757,782,"Belgium",14,5630,"Dries Mertens",18,"Right Attacking Midfield"
"373",3788757,782,"Belgium",11,5633,"Yannick Ferreira Carrasco",20,"Left Attacking Midfield"
"374",3788757,782,"Belgium",9,3289,"Romelu Lukaku Menama",23,"Center Forward"
"375",3788758,911,"Ukraine",1,22243,"Heorhii Bushchan",1,"Goalkeeper"
"376",3788758,911,"Ukraine",21,31900,"Oleksandr Karavaev",2,"Right Back"
"377",3788758,911,"Ukraine",13,39136,"Illia Zabarnyi",3,"Right Center Back"
"378",3788758,911,"Ukraine",22,18617,"Mykola Matviyenko",5,"Left Center Back"
"379",3788758,911,"Ukraine",16,20827,"Vitalii Mykolenko",6,"Left Back"
"380",3788758,911,"Ukraine",6,11000,"Taras Stepanenko",10,"Center Defensive Midfield"
"381",3788758,911,"Ukraine",10,21294,"Mykola Shaparenko",13,"Right Center Midfield"
"382",3788758,911,"Ukraine",17,3575,"Oleksandr Zinchenko",15,"Left Center Midfield"
"383",3788758,911,"Ukraine",7,8830,"Andriy Yarmolenko",17,"Right Wing"
"384",3788758,911,"Ukraine",8,16557,"Ruslan Malinovskiy",21,"Left Wing"
"385",3788758,911,"Ukraine",9,23649,"Roman Yaremchuk",23,"Center Forward"
"386",3788758,2358,"North Macedonia",1,21397,"Stole Dimitrievski",1,"Goalkeeper"
"387",3788758,2358,"North Macedonia",13,10592,"Stefan Ristovski",3,"Right Center Back"
"388",3788758,2358,"North Macedonia",14,30644,"Darko Velkovski",4,"Center Back"
"389",3788758,2358,"North Macedonia",6,46906,"Visar Musliu",5,"Left Center Back"
"390",3788758,2358,"North Macedonia",16,16740,"Boban Nikolov",7,"Right Wing Back"
"391",3788758,2358,"North Macedonia",8,4713,"Ezgjan Alioski",8,"Left Wing Back"
"392",3788758,2358,"North Macedonia",20,46909,"Stefan Spirovski",10,"Center Defensive Midfield"
"393",3788758,2358,"North Macedonia",5,18879,"Arijan Ademi",13,"Right Center Midfield"
"394",3788758,2358,"North Macedonia",17,6782,"Enis Bardhi",15,"Left Center Midfield"
"395",3788758,2358,"North Macedonia",10,7146,"Goran Pandev",22,"Right Center Forward"
"396",3788758,2358,"North Macedonia",21,16535,"Eljif Elmas",24,"Left Center Forward"
"397",3788759,768,"England",1,3468,"Jordan Pickford",1,"Goalkeeper"
"398",3788759,768,"England",24,9550,"Reece James",2,"Right Back"
"399",3788759,768,"England",5,3244,"John Stones",3,"Right Center Back"
"400",3788759,768,"England",15,3323,"Tyrone Mings",5,"Left Center Back"
"401",3788759,768,"England",3,3382,"Luke Shaw",6,"Left Back"
"402",3788759,768,"England",4,3943,"Declan Rice",10,"Center Defensive Midfield"
"403",3788759,768,"England",14,4706,"Kalvin Phillips",13,"Right Center Midfield"
"404",3788759,768,"England",19,7843,"Mason Mount",15,"Left Center Midfield"
"405",3788759,768,"England",20,4354,"Philip Foden",17,"Right Wing"
"406",3788759,768,"England",10,3233,"Raheem Sterling",21,"Left Wing"
"407",3788759,768,"England",9,10955,"Harry Kane",23,"Center Forward"
"408",3788759,942,"Scotland",1,9645,"David Marshall",1,"Goalkeeper"
"409",3788759,942,"Scotland",4,3620,"Scott McTominay",3,"Right Center Back"
"410",3788759,942,"Scotland",5,9481,"Grant Hanley",4,"Center Back"
"411",3788759,942,"Scotland",6,10540,"Kieran Tierney",5,"Left Center Back"
"412",3788759,942,"Scotland",2,9048,"Stephen O""Donnell",7,"Right Wing Back"
"413",3788759,942,"Scotland",3,3655,"Andrew Robertson",8,"Left Wing Back"
"414",3788759,942,"Scotland",23,31067,"Billy Gilmour",9,"Right Defensive Midfield"
"415",3788759,942,"Scotland",8,10534,"Callum McGregor",11,"Left Defensive Midfield"
"416",3788759,942,"Scotland",7,9974,"John McGinn",19,"Center Attacking Midfield"
"417",3788759,942,"Scotland",10,9466,"Che Adams",22,"Right Center Forward"
"418",3788759,942,"Scotland",9,29571,"Lyndon Dykes",24,"Left Center Forward"
"419",3788760,785,"Croatia",1,16531,"Dominik Livakovic",1,"Goalkeeper"
"420",3788760,785,"Croatia",2,5461,"Šime Vrsaljko",2,"Right Back"
"421",3788760,785,"Croatia",6,3471,"Dejan Lovren",3,"Right Center Back"
"422",3788760,785,"Croatia",21,5468,"Domagoj Vida",5,"Left Center Back"
"423",3788760,785,"Croatia",25,33018,"Joško Gvardiol",6,"Left Back"
"424",3788760,785,"Croatia",10,5463,"Luka Modric",13,"Right Center Midfield"
"425",3788760,785,"Croatia",8,5456,"Mateo Kovacic",15,"Left Center Midfield"
"426",3788760,785,"Croatia",4,5474,"Ivan Perišic",17,"Right Wing"
"427",3788760,785,"Croatia",9,5460,"Andrej Kramaric",19,"Center Attacking Midfield"
"428",3788760,785,"Croatia",7,8946,"Josip Brekalo",21,"Left Wing"
"429",3788760,785,"Croatia",17,5465,"Ante Rebic",23,"Center Forward"
"430",3788760,912,"Czech Republic",1,11541,"Tomáš Vaclík",1,"Goalkeeper"
"431",3788760,912,"Czech Republic",5,16570,"Vladimír Coufal",2,"Right Back"
"432",3788760,912,"Czech Republic",3,30328,"Ondrej Celustka",3,"Right Center Back"
"433",3788760,912,"Czech Republic",6,13197,"Tomáš Kalas",5,"Left Center Back"
"434",3788760,912,"Czech Republic",18,4875,"Jan Boril",6,"Left Back"
"435",3788760,912,"Czech Republic",9,16469,"Tomáš Holeš",13,"Right Center Midfield"
"436",3788760,912,"Czech Republic",15,4870,"Tomáš Soucek",15,"Left Center Midfield"
"437",3788760,912,"Czech Republic",12,16472,"Lukáš Masopust",17,"Right Wing"
"438",3788760,912,"Czech Republic",8,8579,"Vladimír Darida",19,"Center Attacking Midfield"
"439",3788760,912,"Czech Republic",14,8095,"Jakub Jankto",21,"Left Wing"
"440",3788760,912,"Czech Republic",10,7044,"Patrik Schick",23,"Center Forward"
"441",3788761,790,"Sweden",1,5622,"Robin Olsen",1,"Goalkeeper"
"442",3788761,790,"Sweden",2,5612,"Mikael Lustig",2,"Right Back"
"443",3788761,790,"Sweden",3,3702,"Victor Nilsson Lindelöf",3,"Right Center Back"
"444",3788761,790,"Sweden",24,26875,"Marcus Andreas Danielsson",5,"Left Center Back"
"445",3788761,790,"Sweden",6,5621,"Ludwig Augustinsson",6,"Left Back"
"446",3788761,790,"Sweden",7,5617,"Sebastian Larsson",12,"Right Midfield"
"447",3788761,790,"Sweden",20,23444,"Kristoffer Olsson",13,"Right Center Midfield"
"448",3788761,790,"Sweden",8,5624,"Albin Ekdal",15,"Left Center Midfield"
"449",3788761,790,"Sweden",10,5625,"Emil Peter Forsberg",16,"Left Midfield"
"450",3788761,790,"Sweden",9,11098,"Marcus Berg",22,"Right Center Forward"
"451",3788761,790,"Sweden",11,8819,"Alexander Isak",24,"Left Center Forward"
"452",3788761,908,"Slovakia",1,3711,"Martin Dúbravka",1,"Goalkeeper"
"453",3788761,908,"Slovakia",2,9722,"Peter Pekarík",2,"Right Back"
"454",3788761,908,"Slovakia",5,30397,"Lubomír Šatka",3,"Right Center Back"
"455",3788761,908,"Slovakia",14,6990,"Milan Škriniar",5,"Left Center Back"
"456",3788761,908,"Slovakia",15,4421,"Tomáš Hubocan",6,"Left Back"
"457",3788761,908,"Slovakia",19,10919,"Juraj Kucka",13,"Right Center Midfield"
"458",3788761,908,"Slovakia",13,16041,"Patrik Hrošovský",15,"Left Center Midfield"
"459",3788761,908,"Slovakia",24,28044,"Martin Koscelník",17,"Right Wing"
"460",3788761,908,"Slovakia",17,7025,"Marek Hamšík",19,"Center Attacking Midfield"
"461",3788761,908,"Slovakia",20,16307,"Róbert Mak",21,"Left Wing"
"462",3788761,908,"Slovakia",8,8967,"Ondrej Duda",23,"Center Forward"
"463",3788762,772,"Spain",23,11748,"Unai Simón Mendibil",1,"Goalkeeper"
"464",3788762,772,"Spain",6,6840,"Marcos Llorente Moreno",2,"Right Back"
"465",3788762,772,"Spain",24,4353,"Aymeric Laporte",3,"Right Center Back"
"466",3788762,772,"Spain",4,6892,"Pau Francisco Torres",5,"Left Center Back"
"467",3788762,772,"Spain",18,5211,"Jordi Alba Ramos",6,"Left Back"
"468",3788762,772,"Spain",16,6765,"Rodrigo Hernández Cascante",10,"Center Defensive Midfield"
"469",3788762,772,"Spain",8,5199,"Jorge Resurrección Merodio",13,"Right Center Midfield"
"470",3788762,772,"Spain",26,30486,"Pedro González López",15,"Left Center Midfield"
"471",3788762,772,"Spain",9,6766,"Gerard Moreno Balaguero",17,"Right Wing"
"472",3788762,772,"Spain",19,16532,"Daniel Olmo Carvajal",21,"Left Wing"
"473",3788762,772,"Spain",7,3477,"Álvaro Borja Morata Martín",23,"Center Forward"
"474",3788762,789,"Poland",1,5669,"Wojciech Szczesny",1,"Goalkeeper"
"475",3788762,789,"Poland",18,5673,"Bartosz Bereszynski",3,"Right Center Back"
"476",3788762,789,"Poland",15,3034,"Kamil Glik",4,"Center Back"
"477",3788762,789,"Poland",5,4626,"Jan Bednarek",5,"Left Center Back"
"478",3788762,789,"Poland",21,4673,"Kamil Józwiak",7,"Right Wing Back"
"479",3788762,789,"Poland",26,8737,"Tymoteusz Puchacz",8,"Left Wing Back"
"480",3788762,789,"Poland",20,5660,"Piotr Zielinski",10,"Center Defensive Midfield"
"481",3788762,789,"Poland",14,9622,"Mateusz Andrzej Klich",13,"Right Center Midfield"
"482",3788762,789,"Poland",16,29480,"Jakub Moder",15,"Left Center Midfield"
"483",3788762,789,"Poland",11,8836,"Karol Swiderski",22,"Right Center Forward"
"484",3788762,789,"Poland",9,5668,"Robert Lewandowski",24,"Left Center Forward"
"485",3788763,916,"Hungary",1,8524,"Péter Gulácsi",1,"Goalkeeper"
"486",3788763,916,"Hungary",21,31887,"Endre Botka",3,"Right Center Back"
"487",3788763,916,"Hungary",6,8509,"Willi Orban",4,"Center Back"
"488",3788763,916,"Hungary",4,46376,"Attila Szalai",5,"Left Center Back"
"489",3788763,916,"Hungary",7,16741,"Loïc Négo",7,"Right Wing Back"
"490",3788763,916,"Hungary",5,11268,"Attila Fiola",8,"Left Wing Back"
"491",3788763,916,"Hungary",8,7162,"Ádám Nagy",10,"Center Defensive Midfield"
"492",3788763,916,"Hungary",15,16502,"László Kleinheisler",13,"Right Center Midfield"
"493",3788763,916,"Hungary",13,42822,"András Schäfer",15,"Left Center Midfield"
"494",3788763,916,"Hungary",20,19316,"Roland Sallai",22,"Right Center Forward"
"495",3788763,916,"Hungary",9,8407,"Ádám Szalai",24,"Left Center Forward"
"496",3788763,771,"France",1,3099,"Hugo Lloris",1,"Goalkeeper"
"497",3788763,771,"France",2,5476,"Benjamin Pavard",2,"Right Back"
"498",3788763,771,"France",4,5485,"Raphaël Varane",3,"Right Center Back"
"499",3788763,771,"France",3,2999,"Presnel Kimpembe",5,"Left Center Back"
"500",3788763,771,"France",18,6849,"Lucas Digne",6,"Left Back"
"501",3788763,771,"France",13,3961,"N''Golo Kanté",10,"Center Defensive Midfield"
"502",3788763,771,"France",6,20004,"Paul Pogba",13,"Right Center Midfield"
"503",3788763,771,"France",14,3026,"Adrien Rabiot",15,"Left Center Midfield"
"504",3788763,771,"France",7,5487,"Antoine Griezmann",17,"Right Wing"
"505",3788763,771,"France",10,3009,"Kylian Mbappé Lottin",21,"Left Wing"
"506",3788763,771,"France",19,19677,"Karim Benzema",23,"Center Forward"
"507",3788764,780,"Portugal",1,5205,"Rui Pedro dos Santos Patrício",1,"Goalkeeper"
"508",3788764,780,"Portugal",2,6374,"Nélson Cabral Semedo",2,"Right Back"
"509",3788764,780,"Portugal",3,20016,"Kléper Laveran Lima Ferreira",3,"Right Center Back"
"510",3788764,780,"Portugal",4,5206,"Rúben Santos Gato Alves Dias",5,"Left Center Back"
"511",3788764,780,"Portugal",5,5209,"Raphaël Adelino José Guerreiro",6,"Left Back"
"512",3788764,780,"Portugal",13,13621,"Danilo Luís Hélio Pereira",10,"Center Defensive Midfield"
"513",3788764,780,"Portugal",10,3193,"Bernardo Mota Veiga de Carvalho e Silva",12,"Right Midfield"
"514",3788764,780,"Portugal",11,5204,"Bruno Miguel Borges Fernandes",13,"Right Center Midfield"
"515",3788764,780,"Portugal",14,5214,"William Silva de Carvalho",15,"Left Center Midfield"
"516",3788764,780,"Portugal",21,9929,"Diogo José Teixeira da Silva",16,"Left Midfield"
"517",3788764,780,"Portugal",7,5207,"Cristiano Ronaldo dos Santos Aveiro",23,"Center Forward"
"518",3788764,770,"Germany",1,5570,"Manuel Neuer",1,"Goalkeeper"
"519",3788764,770,"Germany",4,8808,"Matthias Ginter",3,"Right Center Back"
"520",3788764,770,"Germany",5,5572,"Mats Hummels",4,"Center Back"
"521",3788764,770,"Germany",2,3167,"Antonio Rüdiger",5,"Left Center Back"
"522",3788764,770,"Germany",6,5579,"Joshua Kimmich",7,"Right Wing Back"
"523",3788764,770,"Germany",20,6985,"Robin Gosens",8,"Left Wing Back"
"524",3788764,770,"Germany",21,10287,"Ilkay Gündogan",9,"Right Defensive Midfield"
"525",3788764,770,"Germany",8,5574,"Toni Kroos",11,"Left Defensive Midfield"
"526",3788764,770,"Germany",25,5562,"Thomas Müller",18,"Right Attacking Midfield"
"527",3788764,770,"Germany",7,8966,"Kai Havertz",20,"Left Attacking Midfield"
"528",3788764,770,"Germany",10,8400,"Serge Gnabry",23,"Center Forward"
"529",3788765,773,"Switzerland",1,5550,"Yann Sommer",1,"Goalkeeper"
"530",3788765,773,"Switzerland",4,8814,"Nico Elvedi",3,"Right Center Back"
"531",3788765,773,"Switzerland",5,5549,"Manuel Obafemi Akanji",4,"Center Back"
"532",3788765,773,"Switzerland",13,5544,"Ricardo Iván Rodríguez Araya",5,"Left Center Back"
"533",3788765,773,"Switzerland",3,7796,"Silvan Widmer",7,"Right Wing Back"
"534",3788765,773,"Switzerland",14,5548,"Steven Zuber",8,"Left Wing Back"
"535",3788765,773,"Switzerland",8,6983,"Remo Freuler",9,"Right Defensive Midfield"
"536",3788765,773,"Switzerland",10,3500,"Granit Xhaka",11,"Left Defensive Midfield"
"537",3788765,773,"Switzerland",23,3533,"Xherdan Shaqiri",19,"Center Attacking Midfield"
"538",3788765,773,"Switzerland",9,5543,"Haris Seferovic",22,"Right Center Forward"
"539",3788765,773,"Switzerland",7,5545,"Breel-Donald Embolo",24,"Left Center Forward"
"540",3788765,909,"Turkey",23,30357,"Ugurcan Çakir",1,"Goalkeeper"
"541",3788765,909,"Turkey",2,10349,"Mehmet Zeki Çelik",2,"Right Back"
"542",3788765,909,"Turkey",3,23558,"Merih Demiral",3,"Right Center Back"
"543",3788765,909,"Turkey",4,8963,"Caglar Söyüncü",5,"Left Center Back"
"544",3788765,909,"Turkey",25,10826,"Mert Müldür",6,"Left Back"
"545",3788765,909,"Turkey",22,12293,"Kaan Ayhan",10,"Center Defensive Midfield"
"546",3788765,909,"Turkey",7,6971,"Cengiz Ünder",12,"Right Midfield"
"547",3788765,909,"Turkey",6,11088,"Ozan Tufan",13,"Right Center Midfield"
"548",3788765,909,"Turkey",21,30311,"Irfan Can Kahveci",15,"Left Center Midfield"
"549",3788765,909,"Turkey",10,7039,"Hakan Çalhanoglu",16,"Left Midfield"
"550",3788765,909,"Turkey",17,11086,"Burak Yilmaz",23,"Center Forward"
"551",3788766,914,"Italy",21,7036,"Gianluigi Donnarumma",1,"Goalkeeper"
"552",3788766,914,"Italy",25,7002,"Rafael Tolói",2,"Right Back"
"553",3788766,914,"Italy",19,7173,"Leonardo Bonucci",3,"Right Center Back"
"554",3788766,914,"Italy",23,7480,"Alessandro Bastoni",5,"Left Center Back"
"555",3788766,914,"Italy",13,4355,"Emerson Palmieri dos Santos",6,"Left Back"
"556",3788766,914,"Italy",8,7024,"Jorge Luiz Frello Filho",10,"Center Defensive Midfield"
"557",3788766,914,"Italy",12,11601,"Matteo Pessina",13,"Right Center Midfield"
"558",3788766,914,"Italy",6,3166,"Marco Verratti",15,"Left Center Midfield"
"559",3788766,914,"Italy",20,7777,"Federico Bernardeschi",17,"Right Wing"
"560",3788766,914,"Italy",14,7156,"Federico Chiesa",21,"Left Wing"
"561",3788766,914,"Italy",9,7471,"Andrea Belotti",23,"Center Forward"
"562",3788766,907,"Wales",12,9914,"Danny Ward",1,"Goalkeeper"
"563",3788766,907,"Wales",6,11250,"Joe Rodon",3,"Right Center Back"
"564",3788766,907,"Wales",15,4934,"Ethan Ampadu",4,"Center Back"
"565",3788766,907,"Wales",2,10928,"Chris Gunter",5,"Left Center Back"
"566",3788766,907,"Wales",14,4774,"Connor Roberts",7,"Right Wing Back"
"567",3788766,907,"Wales",3,34794,"Neco Williams",8,"Left Wing Back"
"568",3788766,907,"Wales",16,22074,"Joseff Morrell",9,"Right Defensive Midfield"
"569",3788766,907,"Wales",7,10931,"Joe Allen",11,"Left Defensive Midfield"
"570",3788766,907,"Wales",11,6399,"Gareth Frank Bale",17,"Right Wing"
"571",3788766,907,"Wales",20,11252,"Daniel James",21,"Left Wing"
"572",3788766,907,"Wales",10,3517,"Aaron Ramsey",23,"Center Forward"
"573",3788767,911,"Ukraine",1,22243,"Heorhii Bushchan",1,"Goalkeeper"
"574",3788767,911,"Ukraine",21,31900,"Oleksandr Karavaev",2,"Right Back"
"575",3788767,911,"Ukraine",13,39136,"Illia Zabarnyi",3,"Right Center Back"
"576",3788767,911,"Ukraine",22,18617,"Mykola Matviyenko",5,"Left Center Back"
"577",3788767,911,"Ukraine",16,20827,"Vitalii Mykolenko",6,"Left Back"
"578",3788767,911,"Ukraine",5,16514,"Serhii Sydorchuk",10,"Center Defensive Midfield"
"579",3788767,911,"Ukraine",10,21294,"Mykola Shaparenko",13,"Right Center Midfield"
"580",3788767,911,"Ukraine",17,3575,"Oleksandr Zinchenko",15,"Left Center Midfield"
"581",3788767,911,"Ukraine",7,8830,"Andriy Yarmolenko",17,"Right Wing"
"582",3788767,911,"Ukraine",8,16557,"Ruslan Malinovskiy",21,"Left Wing"
"583",3788767,911,"Ukraine",9,23649,"Roman Yaremchuk",23,"Center Forward"
"584",3788767,915,"Austria",13,21532,"Daniel Bachmann",1,"Goalkeeper"
"585",3788767,915,"Austria",21,8779,"Stefan Lainer",2,"Right Back"
"586",3788767,915,"Austria",3,3969,"Aleksandar Dragovic",3,"Right Center Back"
"587",3788767,915,"Austria",4,8307,"Martin Hinteregger",5,"Left Center Back"
"588",3788767,915,"Austria",8,8220,"David Olatukunbo Alaba",6,"Left Back"
"589",3788767,915,"Austria",23,8769,"Xaver Schlager",13,"Right Center Midfield"
"590",3788767,915,"Austria",10,11396,"Florian Grillitsch",15,"Left Center Midfield"
"591",3788767,915,"Austria",24,8506,"Konrad Laimer",17,"Right Wing"
"592",3788767,915,"Austria",9,8518,"Marcel Sabitzer",19,"Center Attacking Midfield"
"593",3788767,915,"Austria",19,24977,"Christoph Baumgartner",21,"Left Wing"
"594",3788767,915,"Austria",7,3325,"Marko Arnautovic",23,"Center Forward"
"595",3788768,1835,"Finland",1,8667,"Lukáš Hrádecký",1,"Goalkeeper"
"596",3788768,1835,"Finland",4,26939,"Joona Toivio",3,"Right Center Back"
"597",3788768,1835,"Finland",2,24455,"Paulus Arajuuri",4,"Center Back"
"598",3788768,1835,"Finland",3,38196,"Daniel O""Shaughnessy",5,"Left Center Back"
"599",3788768,1835,"Finland",22,15416,"Jukka Raitala",7,"Right Wing Back"
"600",3788768,1835,"Finland",18,16550,"Jere Juhani Uronen",8,"Left Wing Back"
"601",3788768,1835,"Finland",14,24648,"Tim Sparv",10,"Center Defensive Midfield"
"602",3788768,1835,"Finland",8,24321,"Robin Lod",13,"Right Center Midfield"
"603",3788768,1835,"Finland",6,13215,"Glen Kamara",15,"Left Center Midfield"
"604",3788768,1835,"Finland",10,9476,"Teemu Pukki",22,"Right Center Forward"
"605",3788768,1835,"Finland",20,9725,"Joel Pohjanpalo",24,"Left Center Forward"
"606",3788768,782,"Belgium",1,3509,"Thibaut Courtois",1,"Goalkeeper"
"607",3788768,782,"Belgium",18,13116,"Jason Denayer",3,"Right Center Back"
"608",3788768,782,"Belgium",4,5639,"Anga Dedryck Boyata",4,"Center Back"
"609",3788768,782,"Belgium",3,6332,"Thomas Vermaelen",5,"Left Center Back"
"610",3788768,782,"Belgium",24,16559,"Leandro Trossard",7,"Right Wing Back"
"611",3788768,782,"Belgium",22,4831,"Nacer Chadli",8,"Left Wing Back"
"612",3788768,782,"Belgium",7,3089,"Kevin De Bruyne",9,"Right Defensive Midfield"
"613",3788768,782,"Belgium",6,5642,"Axel Witsel",11,"Left Defensive Midfield"
"614",3788768,782,"Belgium",25,23650,"Jeremy Doku",18,"Right Attacking Midfield"
"615",3788768,782,"Belgium",10,3621,"Eden Hazard",20,"Left Attacking Midfield"
"616",3788768,782,"Belgium",9,3289,"Romelu Lukaku Menama",23,"Center Forward"
"617",3788769,796,"Russia",16,21298,"Matvey Safonov",1,"Goalkeeper"
"618",3788769,796,"Russia",14,16583,"Georgiy Dzhikiya",3,"Right Center Back"
"619",3788769,796,"Russia",3,31917,"Igor Diveev",4,"Center Back"
"620",3788769,796,"Russia",13,5677,"Fedor Kudryashov",5,"Left Center Back"
"621",3788769,796,"Russia",2,5170,"Mário Figueira Fernandes",7,"Right Wing Back"
"622",3788769,796,"Russia",23,5179,"Daler Kuzyaev",8,"Left Wing Back"
"623",3788769,796,"Russia",7,20845,"Magomed Ozdoev",9,"Right Defensive Midfield"
"624",3788769,796,"Russia",11,5171,"Roman Zobnin",11,"Left Defensive Midfield"
"625",3788769,796,"Russia",15,6299,"Aleksey Miranchuk",17,"Right Wing"
"626",3788769,796,"Russia",17,5177,"Aleksandr Golovin",21,"Left Wing"
"627",3788769,796,"Russia",22,5195,"Artem Dzyuba",23,"Center Forward"
"628",3788769,776,"Denmark",1,3815,"Kasper Schmeichel",1,"Goalkeeper"
"629",3788769,776,"Denmark",6,3959,"Andreas Christensen",3,"Right Center Back"
"630",3788769,776,"Denmark",4,5534,"Simon Thorup Kjær",4,"Center Back"
"631",3788769,776,"Denmark",3,8815,"Jannik Vestergaard",5,"Left Center Back"
"632",3788769,776,"Denmark",18,6797,"Daniel Wass",7,"Right Wing Back"
"633",3788769,776,"Denmark",5,16554,"Joakim Mæhle",8,"Left Wing Back"
"634",3788769,776,"Denmark",23,3570,"Pierre-Emile Højbjerg",9,"Right Defensive Midfield"
"635",3788769,776,"Denmark",8,5527,"Thomas Delaney",11,"Left Defensive Midfield"
"636",3788769,776,"Denmark",9,4447,"Martin Braithwaite Christensen",18,"Right Attacking Midfield"
"637",3788769,776,"Denmark",14,24443,"Mikkel Damsgaard",20,"Left Attacking Midfield"
"638",3788769,776,"Denmark",20,5536,"Yussuf Yurary Poulsen",23,"Center Forward"
"639",3788770,2358,"North Macedonia",1,21397,"Stole Dimitrievski",1,"Goalkeeper"
"640",3788770,2358,"North Macedonia",13,10592,"Stefan Ristovski",2,"Right Back"
"641",3788770,2358,"North Macedonia",14,30644,"Darko Velkovski",3,"Right Center Back"
"642",3788770,2358,"North Macedonia",6,46906,"Visar Musliu",5,"Left Center Back"
"643",3788770,2358,"North Macedonia",8,4713,"Ezgjan Alioski",6,"Left Back"
"644",3788770,2358,"North Macedonia",5,18879,"Arijan Ademi",9,"Right Defensive Midfield"
"645",3788770,2358,"North Macedonia",17,6782,"Enis Bardhi",11,"Left Defensive Midfield"
"646",3788770,2358,"North Macedonia",7,16629,"Ivan Trichkovski",17,"Right Wing"
"647",3788770,2358,"North Macedonia",21,16535,"Eljif Elmas",19,"Center Attacking Midfield"
"648",3788770,2358,"North Macedonia",9,30512,"Aleksandar Trajkovski",21,"Left Wing"
"649",3788770,2358,"North Macedonia",10,7146,"Goran Pandev",23,"Center Forward"
"650",3788770,941,"Netherlands",1,20201,"Maarten Stekelenburg",1,"Goalkeeper"
"651",3788770,941,"Netherlands",6,7787,"Stefan de Vrij",3,"Right Center Back"
"652",3788770,941,"Netherlands",3,8069,"Matthijs de Ligt",4,"Center Back"
"653",3788770,941,"Netherlands",17,3311,"Daley Blind",5,"Left Center Back"
"654",3788770,941,"Netherlands",22,8125,"Denzel Dumfries",7,"Right Wing Back"
"655",3788770,941,"Netherlands",12,3321,"Patrick van Aanholt",8,"Left Wing Back"
"656",3788770,941,"Netherlands",21,8118,"Frenkie de Jong",9,"Right Defensive Midfield"
"657",3788770,941,"Netherlands",16,23230,"Ryan Gravenberch",11,"Left Defensive Midfield"
"658",3788770,941,"Netherlands",8,3567,"Georginio Wijnaldum",19,"Center Attacking Midfield"
"659",3788770,941,"Netherlands",10,2988,"Memphis Depay",22,"Right Center Forward"
"660",3788770,941,"Netherlands",18,15582,"Donyell Malen",24,"Left Center Forward"
"661",3788771,785,"Croatia",1,16531,"Dominik Livakovic",1,"Goalkeeper"
"662",3788771,785,"Croatia",22,29163,"Josip Juranovic",2,"Right Back"
"663",3788771,785,"Croatia",6,3471,"Dejan Lovren",3,"Right Center Back"
"664",3788771,785,"Croatia",21,5468,"Domagoj Vida",5,"Left Center Back"
"665",3788771,785,"Croatia",25,33018,"Joško Gvardiol",6,"Left Back"
"666",3788771,785,"Croatia",11,5469,"Marcelo Brozovic",10,"Center Defensive Midfield"
"667",3788771,785,"Croatia",10,5463,"Luka Modric",13,"Right Center Midfield"
"668",3788771,785,"Croatia",8,5456,"Mateo Kovacic",15,"Left Center Midfield"
"669",3788771,785,"Croatia",13,3441,"Nikola Vlašic",17,"Right Wing"
"670",3788771,785,"Croatia",4,5474,"Ivan Perišic",21,"Left Wing"
"671",3788771,785,"Croatia",20,7693,"Bruno Petkovic",23,"Center Forward"
"672",3788771,942,"Scotland",1,9645,"David Marshall",1,"Goalkeeper"
"673",3788771,942,"Scotland",4,3620,"Scott McTominay",3,"Right Center Back"
"674",3788771,942,"Scotland",5,9481,"Grant Hanley",4,"Center Back"
"675",3788771,942,"Scotland",6,10540,"Kieran Tierney",5,"Left Center Back"
"676",3788771,942,"Scotland",2,9048,"Stephen O""Donnell",7,"Right Wing Back"
"677",3788771,942,"Scotland",3,3655,"Andrew Robertson",8,"Left Wing Back"
"678",3788771,942,"Scotland",8,10534,"Callum McGregor",10,"Center Defensive Midfield"
"679",3788771,942,"Scotland",7,9974,"John McGinn",13,"Right Center Midfield"
"680",3788771,942,"Scotland",17,10285,"Stuart Armstrong",15,"Left Center Midfield"
"681",3788771,942,"Scotland",9,29571,"Lyndon Dykes",22,"Right Center Forward"
"682",3788771,942,"Scotland",10,9466,"Che Adams",24,"Left Center Forward"
"683",3788772,912,"Czech Republic",1,11541,"Tomáš Vaclík",1,"Goalkeeper"
"684",3788772,912,"Czech Republic",5,16570,"Vladimír Coufal",2,"Right Back"
"685",3788772,912,"Czech Republic",3,30328,"Ondrej Celustka",3,"Right Center Back"
"686",3788772,912,"Czech Republic",6,13197,"Tomáš Kalas",5,"Left Center Back"
"687",3788772,912,"Czech Republic",18,4875,"Jan Boril",6,"Left Back"
"688",3788772,912,"Czech Republic",9,16469,"Tomáš Holeš",9,"Right Defensive Midfield"
"689",3788772,912,"Czech Republic",15,4870,"Tomáš Soucek",11,"Left Defensive Midfield"
"690",3788772,912,"Czech Republic",12,16472,"Lukáš Masopust",17,"Right Wing"
"691",3788772,912,"Czech Republic",8,8579,"Vladimír Darida",19,"Center Attacking Midfield"
"692",3788772,912,"Czech Republic",14,8095,"Jakub Jankto",21,"Left Wing"
"693",3788772,912,"Czech Republic",10,7044,"Patrik Schick",23,"Center Forward"
"694",3788772,768,"England",1,3468,"Jordan Pickford",1,"Goalkeeper"
"695",3788772,768,"England",2,3205,"Kyle Walker",2,"Right Back"
"696",3788772,768,"England",5,3244,"John Stones",3,"Right Center Back"
"697",3788772,768,"England",6,3336,"Harry Maguire",5,"Left Center Back"
"698",3788772,768,"England",3,3382,"Luke Shaw",6,"Left Back"
"699",3788772,768,"England",14,4706,"Kalvin Phillips",9,"Right Defensive Midfield"
"700",3788772,768,"England",4,3943,"Declan Rice",11,"Left Defensive Midfield"
"701",3788772,768,"England",25,22084,"Bukayo Saka",17,"Right Wing"
"702",3788772,768,"England",7,9638,"Jack Grealish",19,"Center Attacking Midfield"
"703",3788772,768,"England",10,3233,"Raheem Sterling",21,"Left Wing"
"704",3788772,768,"England",9,10955,"Harry Kane",23,"Center Forward"
"705",3788773,780,"Portugal",1,5205,"Rui Pedro dos Santos Patrício",1,"Goalkeeper"
"706",3788773,780,"Portugal",2,6374,"Nélson Cabral Semedo",2,"Right Back"
"707",3788773,780,"Portugal",3,20016,"Kléper Laveran Lima Ferreira",3,"Right Center Back"
"708",3788773,780,"Portugal",4,5206,"Rúben Santos Gato Alves Dias",5,"Left Center Back"
"709",3788773,780,"Portugal",5,5209,"Raphaël Adelino José Guerreiro",6,"Left Back"
"710",3788773,780,"Portugal",13,13621,"Danilo Luís Hélio Pereira",10,"Center Defensive Midfield"
"711",3788773,780,"Portugal",10,3193,"Bernardo Mota Veiga de Carvalho e Silva",12,"Right Midfield"
"712",3788773,780,"Portugal",8,3168,"João Filipe Iria Santos Moutinho",13,"Right Center Midfield"
"713",3788773,780,"Portugal",16,3593,"Renato Júnior Luz Sanches",15,"Left Center Midfield"
"714",3788773,780,"Portugal",21,9929,"Diogo José Teixeira da Silva",16,"Left Midfield"
"715",3788773,780,"Portugal",7,5207,"Cristiano Ronaldo dos Santos Aveiro",23,"Center Forward"
"716",3788773,771,"France",1,3099,"Hugo Lloris",1,"Goalkeeper"
"717",3788773,771,"France",25,4445,"Jules Koundé",2,"Right Back"
"718",3788773,771,"France",4,5485,"Raphaël Varane",3,"Right Center Back"
"719",3788773,771,"France",3,2999,"Presnel Kimpembe",5,"Left Center Back"
"720",3788773,771,"France",21,5484,"Lucas Hernández Pi",6,"Left Back"
"721",3788773,771,"France",6,20004,"Paul Pogba",9,"Right Defensive Midfield"
"722",3788773,771,"France",13,3961,"N''Golo Kanté",11,"Left Defensive Midfield"
"723",3788773,771,"France",12,5480,"Corentin Tolisso",17,"Right Wing"
"724",3788773,771,"France",7,5487,"Antoine Griezmann",19,"Center Attacking Midfield"
"725",3788773,771,"France",10,3009,"Kylian Mbappé Lottin",21,"Left Wing"
"726",3788773,771,"France",19,19677,"Karim Benzema",23,"Center Forward"
"727",3788774,770,"Germany",1,5570,"Manuel Neuer",1,"Goalkeeper"
"728",3788774,770,"Germany",4,8808,"Matthias Ginter",3,"Right Center Back"
"729",3788774,770,"Germany",5,5572,"Mats Hummels",4,"Center Back"
"730",3788774,770,"Germany",2,3167,"Antonio Rüdiger",5,"Left Center Back"
"731",3788774,770,"Germany",6,5579,"Joshua Kimmich",7,"Right Wing Back"
"732",3788774,770,"Germany",20,6985,"Robin Gosens",8,"Left Wing Back"
"733",3788774,770,"Germany",21,10287,"Ilkay Gündogan",9,"Right Defensive Midfield"
"734",3788774,770,"Germany",8,5574,"Toni Kroos",11,"Left Defensive Midfield"
"735",3788774,770,"Germany",7,8966,"Kai Havertz",17,"Right Wing"
"736",3788774,770,"Germany",19,3053,"Leroy Sané",21,"Left Wing"
"737",3788774,770,"Germany",10,8400,"Serge Gnabry",23,"Center Forward"
"738",3788774,916,"Hungary",1,8524,"Péter Gulácsi",1,"Goalkeeper"
"739",3788774,916,"Hungary",21,31887,"Endre Botka",3,"Right Center Back"
"740",3788774,916,"Hungary",6,8509,"Willi Orban",4,"Center Back"
"741",3788774,916,"Hungary",4,46376,"Attila Szalai",5,"Left Center Back"
"742",3788774,916,"Hungary",7,16741,"Loïc Négo",7,"Right Wing Back"
"743",3788774,916,"Hungary",5,11268,"Attila Fiola",8,"Left Wing Back"
"744",3788774,916,"Hungary",8,7162,"Ádám Nagy",10,"Center Defensive Midfield"
"745",3788774,916,"Hungary",15,16502,"László Kleinheisler",13,"Right Center Midfield"
"746",3788774,916,"Hungary",13,42822,"András Schäfer",15,"Left Center Midfield"
"747",3788774,916,"Hungary",20,19316,"Roland Sallai",22,"Right Center Forward"
"748",3788774,916,"Hungary",9,8407,"Ádám Szalai",24,"Left Center Forward"
"749",3788775,908,"Slovakia",1,3711,"Martin Dúbravka",1,"Goalkeeper"
"750",3788775,908,"Slovakia",2,9722,"Peter Pekarík",2,"Right Back"
"751",3788775,908,"Slovakia",5,30397,"Lubomír Šatka",3,"Right Center Back"
"752",3788775,908,"Slovakia",14,6990,"Milan Škriniar",5,"Left Center Back"
"753",3788775,908,"Slovakia",15,4421,"Tomáš Hubocan",6,"Left Back"
"754",3788775,908,"Slovakia",19,10919,"Juraj Kucka",13,"Right Center Midfield"
"755",3788775,908,"Slovakia",25,20002,"Jakub Hromada",15,"Left Center Midfield"
"756",3788775,908,"Slovakia",18,7975,"Lukáš Haraslín",17,"Right Wing"
"757",3788775,908,"Slovakia",17,7025,"Marek Hamšík",19,"Center Attacking Midfield"
"758",3788775,908,"Slovakia",20,16307,"Róbert Mak",21,"Left Wing"
"759",3788775,908,"Slovakia",8,8967,"Ondrej Duda",23,"Center Forward"
"760",3788775,772,"Spain",23,11748,"Unai Simón Mendibil",1,"Goalkeeper"
"761",3788775,772,"Spain",2,3957,"César Azpilicueta Tanco",2,"Right Back"
"762",3788775,772,"Spain",12,31953,"Eric García Martret",3,"Right Center Back"
"763",3788775,772,"Spain",24,4353,"Aymeric Laporte",5,"Left Center Back"
"764",3788775,772,"Spain",18,5211,"Jordi Alba Ramos",6,"Left Back"
"765",3788775,772,"Spain",5,5203,"Sergio Busquets i Burgos",10,"Center Defensive Midfield"
"766",3788775,772,"Spain",8,5199,"Jorge Resurrección Merodio",13,"Right Center Midfield"
"767",3788775,772,"Spain",26,30486,"Pedro González López",15,"Left Center Midfield"
"768",3788775,772,"Spain",22,6720,"Pablo Sarabia García",17,"Right Wing"
"769",3788775,772,"Spain",9,6766,"Gerard Moreno Balaguero",21,"Left Wing"
"770",3788775,772,"Spain",7,3477,"Álvaro Borja Morata Martín",23,"Center Forward"
"771",3788776,790,"Sweden",1,5622,"Robin Olsen",1,"Goalkeeper"
"772",3788776,790,"Sweden",2,5612,"Mikael Lustig",2,"Right Back"
"773",3788776,790,"Sweden",3,3702,"Victor Nilsson Lindelöf",3,"Right Center Back"
"774",3788776,790,"Sweden",24,26875,"Marcus Andreas Danielsson",5,"Left Center Back"
"775",3788776,790,"Sweden",6,5621,"Ludwig Augustinsson",6,"Left Back"
"776",3788776,790,"Sweden",20,23444,"Kristoffer Olsson",9,"Right Defensive Midfield"
"777",3788776,790,"Sweden",8,5624,"Albin Ekdal",11,"Left Defensive Midfield"
"778",3788776,790,"Sweden",7,5617,"Sebastian Larsson",12,"Right Midfield"
"779",3788776,790,"Sweden",10,5625,"Emil Peter Forsberg",16,"Left Midfield"
"780",3788776,790,"Sweden",22,8552,"Robin Quaison",22,"Right Center Forward"
"781",3788776,790,"Sweden",11,8819,"Alexander Isak",24,"Left Center Forward"
"782",3788776,789,"Poland",1,5669,"Wojciech Szczesny",1,"Goalkeeper"
"783",3788776,789,"Poland",18,5673,"Bartosz Bereszynski",3,"Right Center Back"
"784",3788776,789,"Poland",15,3034,"Kamil Glik",4,"Center Back"
"785",3788776,789,"Poland",5,4626,"Jan Bednarek",5,"Left Center Back"
"786",3788776,789,"Poland",21,4673,"Kamil Józwiak",7,"Right Wing Back"
"787",3788776,789,"Poland",26,8737,"Tymoteusz Puchacz",8,"Left Wing Back"
"788",3788776,789,"Poland",10,3637,"Grzegorz Krychowiak",9,"Right Defensive Midfield"
"789",3788776,789,"Poland",14,9622,"Mateusz Andrzej Klich",11,"Left Defensive Midfield"
"790",3788776,789,"Poland",20,5660,"Piotr Zielinski",19,"Center Attacking Midfield"
"791",3788776,789,"Poland",11,8836,"Karol Swiderski",22,"Right Center Forward"
"792",3788776,789,"Poland",9,5668,"Robert Lewandowski",24,"Left Center Forward"
"793",3794685,914,"Italy",21,7036,"Gianluigi Donnarumma",1,"Goalkeeper"
"794",3794685,914,"Italy",2,11514,"Giovanni Di Lorenzo",2,"Right Back"
"795",3794685,914,"Italy",19,7173,"Leonardo Bonucci",3,"Right Center Back"
"796",3794685,914,"Italy",15,7119,"Francesco Acerbi",5,"Left Center Back"
"797",3794685,914,"Italy",4,8286,"Leonardo Spinazzola",6,"Left Back"
"798",3794685,914,"Italy",8,7024,"Jorge Luiz Frello Filho",10,"Center Defensive Midfield"
"799",3794685,914,"Italy",18,8181,"Nicolò Barella",13,"Right Center Midfield"
"800",3794685,914,"Italy",6,3166,"Marco Verratti",15,"Left Center Midfield"
"801",3794685,914,"Italy",11,7131,"Domenico Berardi",17,"Right Wing"
"802",3794685,914,"Italy",10,7037,"Lorenzo Insigne",21,"Left Wing"
"803",3794685,914,"Italy",17,7788,"Ciro Immobile",23,"Center Forward"
"804",3794685,915,"Austria",13,21532,"Daniel Bachmann",1,"Goalkeeper"
"805",3794685,915,"Austria",21,8779,"Stefan Lainer",2,"Right Back"
"806",3794685,915,"Austria",3,3969,"Aleksandar Dragovic",3,"Right Center Back"
"807",3794685,915,"Austria",4,8307,"Martin Hinteregger",5,"Left Center Back"
"808",3794685,915,"Austria",8,8220,"David Olatukunbo Alaba",6,"Left Back"
"809",3794685,915,"Austria",23,8769,"Xaver Schlager",9,"Right Defensive Midfield"
"810",3794685,915,"Austria",10,11396,"Florian Grillitsch",11,"Left Defensive Midfield"
"811",3794685,915,"Austria",24,8506,"Konrad Laimer",17,"Right Wing"
"812",3794685,915,"Austria",9,8518,"Marcel Sabitzer",19,"Center Attacking Midfield"
"813",3794685,915,"Austria",19,24977,"Christoph Baumgartner",21,"Left Wing"
"814",3794685,915,"Austria",7,3325,"Marko Arnautovic",23,"Center Forward"
"815",3794686,785,"Croatia",1,16531,"Dominik Livakovic",1,"Goalkeeper"
"816",3794686,785,"Croatia",22,29163,"Josip Juranovic",2,"Right Back"
"817",3794686,785,"Croatia",21,5468,"Domagoj Vida",3,"Right Center Back"
"818",3794686,785,"Croatia",5,6307,"Duje Caleta-Car",5,"Left Center Back"
"819",3794686,785,"Croatia",25,33018,"Joško Gvardiol",6,"Left Back"
"820",3794686,785,"Croatia",11,5469,"Marcelo Brozovic",10,"Center Defensive Midfield"
"821",3794686,785,"Croatia",10,5463,"Luka Modric",13,"Right Center Midfield"
"822",3794686,785,"Croatia",8,5456,"Mateo Kovacic",15,"Left Center Midfield"
"823",3794686,785,"Croatia",13,3441,"Nikola Vlašic",17,"Right Wing"
"824",3794686,785,"Croatia",17,5465,"Ante Rebic",21,"Left Wing"
"825",3794686,785,"Croatia",20,7693,"Bruno Petkovic",23,"Center Forward"
"826",3794686,772,"Spain",23,11748,"Unai Simón Mendibil",1,"Goalkeeper"
"827",3794686,772,"Spain",2,3957,"César Azpilicueta Tanco",2,"Right Back"
"828",3794686,772,"Spain",12,31953,"Eric García Martret",3,"Right Center Back"
"829",3794686,772,"Spain",24,4353,"Aymeric Laporte",5,"Left Center Back"
"830",3794686,772,"Spain",14,6596,"José Luis Gayà Peña",6,"Left Back"
"831",3794686,772,"Spain",5,5203,"Sergio Busquets i Burgos",10,"Center Defensive Midfield"
"832",3794686,772,"Spain",8,5199,"Jorge Resurrección Merodio",13,"Right Center Midfield"
"833",3794686,772,"Spain",26,30486,"Pedro González López",15,"Left Center Midfield"
"834",3794686,772,"Spain",11,6748,"Ferrán Torres García",17,"Right Wing"
"835",3794686,772,"Spain",22,6720,"Pablo Sarabia García",21,"Left Wing"
"836",3794686,772,"Spain",7,3477,"Álvaro Borja Morata Martín",23,"Center Forward"
"837",3794687,782,"Belgium",1,3509,"Thibaut Courtois",1,"Goalkeeper"
"838",3794687,782,"Belgium",2,20005,"Toby Alderweireld",3,"Right Center Back"
"839",3794687,782,"Belgium",3,6332,"Thomas Vermaelen",4,"Center Back"
"840",3794687,782,"Belgium",5,3077,"Jan Vertonghen",5,"Left Center Back"
"841",3794687,782,"Belgium",15,3176,"Thomas Meunier",7,"Right Wing Back"
"842",3794687,782,"Belgium",16,5632,"Thorgan Hazard",8,"Left Wing Back"
"843",3794687,782,"Belgium",8,2954,"Youri Tielemans",9,"Right Defensive Midfield"
"844",3794687,782,"Belgium",6,5642,"Axel Witsel",11,"Left Defensive Midfield"
"845",3794687,782,"Belgium",7,3089,"Kevin De Bruyne",18,"Right Attacking Midfield"
"846",3794687,782,"Belgium",10,3621,"Eden Hazard",20,"Left Attacking Midfield"
"847",3794687,782,"Belgium",9,3289,"Romelu Lukaku Menama",23,"Center Forward"
"848",3794687,780,"Portugal",1,5205,"Rui Pedro dos Santos Patrício",1,"Goalkeeper"
"849",3794687,780,"Portugal",20,16028,"José Diogo Dalot Teixeira",2,"Right Back"
"850",3794687,780,"Portugal",3,20016,"Kléper Laveran Lima Ferreira",3,"Right Center Back"
"851",3794687,780,"Portugal",4,5206,"Rúben Santos Gato Alves Dias",5,"Left Center Back"
"852",3794687,780,"Portugal",5,5209,"Raphaël Adelino José Guerreiro",6,"Left Back"
"853",3794687,780,"Portugal",26,12169,"João Maria Lobo Alves Palhinha Gonçalves",10,"Center Defensive Midfield"
"854",3794687,780,"Portugal",8,3168,"João Filipe Iria Santos Moutinho",13,"Right Center Midfield"
"855",3794687,780,"Portugal",16,3593,"Renato Júnior Luz Sanches",15,"Left Center Midfield"
"856",3794687,780,"Portugal",10,3193,"Bernardo Mota Veiga de Carvalho e Silva",17,"Right Wing"
"857",3794687,780,"Portugal",21,9929,"Diogo José Teixeira da Silva",21,"Left Wing"
"858",3794687,780,"Portugal",7,5207,"Cristiano Ronaldo dos Santos Aveiro",23,"Center Forward"
"859",3794688,768,"England",1,3468,"Jordan Pickford",1,"Goalkeeper"
"860",3794688,768,"England",2,3205,"Kyle Walker",3,"Right Center Back"
"861",3794688,768,"England",5,3244,"John Stones",4,"Center Back"
"862",3794688,768,"England",6,3336,"Harry Maguire",5,"Left Center Back"
"863",3794688,768,"England",12,3308,"Kieran Trippier",7,"Right Wing Back"
"864",3794688,768,"England",3,3382,"Luke Shaw",8,"Left Wing Back"
"865",3794688,768,"England",14,4706,"Kalvin Phillips",9,"Right Defensive Midfield"
"866",3794688,768,"England",4,3943,"Declan Rice",11,"Left Defensive Midfield"
"867",3794688,768,"England",25,22084,"Bukayo Saka",17,"Right Wing"
"868",3794688,768,"England",10,3233,"Raheem Sterling",21,"Left Wing"
"869",3794688,768,"England",9,10955,"Harry Kane",23,"Center Forward"
"870",3794688,770,"Germany",1,5570,"Manuel Neuer",1,"Goalkeeper"
"871",3794688,770,"Germany",4,8808,"Matthias Ginter",3,"Right Center Back"
"872",3794688,770,"Germany",5,5572,"Mats Hummels",4,"Center Back"
"873",3794688,770,"Germany",2,3167,"Antonio Rüdiger",5,"Left Center Back"
"874",3794688,770,"Germany",6,5579,"Joshua Kimmich",7,"Right Wing Back"
"875",3794688,770,"Germany",20,6985,"Robin Gosens",8,"Left Wing Back"
"876",3794688,770,"Germany",8,5574,"Toni Kroos",9,"Right Defensive Midfield"
"877",3794688,770,"Germany",18,6324,"Leon Goretzka",11,"Left Defensive Midfield"
"878",3794688,770,"Germany",7,8966,"Kai Havertz",17,"Right Wing"
"879",3794688,770,"Germany",25,5562,"Thomas Müller",21,"Left Wing"
"880",3794688,770,"Germany",11,5557,"Timo Werner",23,"Center Forward"
"881",3794689,907,"Wales",15,9914,"Danny Ward",1,"Goalkeeper"
"882",3794689,907,"Wales",15,4774,"Connor Roberts",2,"Right Back"
"883",3794689,907,"Wales",15,4767,"Chris Mepham",3,"Right Center Back"
"884",3794689,907,"Wales",15,11250,"Joe Rodon",5,"Left Center Back"
"885",3794689,907,"Wales",15,3086,"Ben Davies",6,"Left Back"
"886",3794689,907,"Wales",15,22074,"Joseff Morrell",9,"Right Defensive Midfield"
"887",3794689,907,"Wales",15,10931,"Joe Allen",11,"Left Defensive Midfield"
"888",3794689,907,"Wales",15,6399,"Gareth Frank Bale",17,"Right Wing"
"889",3794689,907,"Wales",15,3517,"Aaron Ramsey",19,"Center Attacking Midfield"
"890",3794689,907,"Wales",15,11252,"Daniel James",21,"Left Wing"
"891",3794689,907,"Wales",15,3853,"Kieffer Roberto Francisco Moore",23,"Center Forward"
"892",3794689,776,"Denmark",15,3815,"Kasper Schmeichel",1,"Goalkeeper"
"893",3794689,776,"Denmark",15,3959,"Andreas Christensen",3,"Right Center Back"
"894",3794689,776,"Denmark",15,5534,"Simon Thorup Kjær",4,"Center Back"
"895",3794689,776,"Denmark",15,8815,"Jannik Vestergaard",5,"Left Center Back"
"896",3794689,776,"Denmark",15,5524,"Jens Stryger Larsen",7,"Right Wing Back"
"897",3794689,776,"Denmark",15,16554,"Joakim Mæhle",8,"Left Wing Back"
"898",3794689,776,"Denmark",15,3570,"Pierre-Emile Højbjerg",9,"Right Defensive Midfield"
"899",3794689,776,"Denmark",15,5527,"Thomas Delaney",11,"Left Defensive Midfield"
"900",3794689,776,"Denmark",15,4447,"Martin Braithwaite Christensen",18,"Right Attacking Midfield"
"901",3794689,776,"Denmark",15,24443,"Mikkel Damsgaard",20,"Left Attacking Midfield"
"902",3794689,776,"Denmark",15,6302,"Kasper Dolberg",23,"Center Forward"
"903",3794690,941,"Netherlands",1,20201,"Maarten Stekelenburg",1,"Goalkeeper"
"904",3794690,941,"Netherlands",6,7787,"Stefan de Vrij",3,"Right Center Back"
"905",3794690,941,"Netherlands",3,8069,"Matthijs de Ligt",4,"Center Back"
"906",3794690,941,"Netherlands",17,3311,"Daley Blind",5,"Left Center Back"
"907",3794690,941,"Netherlands",22,8125,"Denzel Dumfries",7,"Right Wing Back"
"908",3794690,941,"Netherlands",12,3321,"Patrick van Aanholt",8,"Left Wing Back"
"909",3794690,941,"Netherlands",15,6994,"Marten de Roon",9,"Right Defensive Midfield"
"910",3794690,941,"Netherlands",21,8118,"Frenkie de Jong",11,"Left Defensive Midfield"
"911",3794690,941,"Netherlands",8,3567,"Georginio Wijnaldum",19,"Center Attacking Midfield"
"912",3794690,941,"Netherlands",10,2988,"Memphis Depay",22,"Right Center Forward"
"913",3794690,941,"Netherlands",18,15582,"Donyell Malen",24,"Left Center Forward"
"914",3794690,912,"Czech Republic",1,11541,"Tomáš Vaclík",1,"Goalkeeper"
"915",3794690,912,"Czech Republic",5,16570,"Vladimír Coufal",2,"Right Back"
"916",3794690,912,"Czech Republic",3,30328,"Ondrej Celustka",3,"Right Center Back"
"917",3794690,912,"Czech Republic",6,13197,"Tomáš Kalas",5,"Left Center Back"
"918",3794690,912,"Czech Republic",2,9397,"Pavel Kaderábek",6,"Left Back"
"919",3794690,912,"Czech Republic",9,16469,"Tomáš Holeš",10,"Center Defensive Midfield"
"920",3794690,912,"Czech Republic",12,16472,"Lukáš Masopust",12,"Right Midfield"
"921",3794690,912,"Czech Republic",15,4870,"Tomáš Soucek",13,"Right Center Midfield"
"922",3794690,912,"Czech Republic",7,7801,"Antonín Barák",15,"Left Center Midfield"
"923",3794690,912,"Czech Republic",13,23454,"Petr Ševcík",16,"Left Midfield"
"924",3794690,912,"Czech Republic",10,7044,"Patrik Schick",23,"Center Forward"
"925",3794691,771,"France",1,3099,"Hugo Lloris",1,"Goalkeeper"
"926",3794691,771,"France",4,5485,"Raphaël Varane",3,"Right Center Back"
"927",3794691,771,"France",5,6826,"Clément Lenglet",4,"Center Back"
"928",3794691,771,"France",3,2999,"Presnel Kimpembe",5,"Left Center Back"
"929",3794691,771,"France",2,5476,"Benjamin Pavard",7,"Right Wing Back"
"930",3794691,771,"France",14,3026,"Adrien Rabiot",8,"Left Wing Back"
"931",3794691,771,"France",6,20004,"Paul Pogba",9,"Right Defensive Midfield"
"932",3794691,771,"France",13,3961,"N''Golo Kanté",11,"Left Defensive Midfield"
"933",3794691,771,"France",7,5487,"Antoine Griezmann",19,"Center Attacking Midfield"
"934",3794691,771,"France",19,19677,"Karim Benzema",22,"Right Center Forward"
"935",3794691,771,"France",10,3009,"Kylian Mbappé Lottin",24,"Left Center Forward"
"936",3794691,773,"Switzerland",1,5550,"Yann Sommer",1,"Goalkeeper"
"937",3794691,773,"Switzerland",4,8814,"Nico Elvedi",3,"Right Center Back"
"938",3794691,773,"Switzerland",5,5549,"Manuel Obafemi Akanji",4,"Center Back"
"939",3794691,773,"Switzerland",13,5544,"Ricardo Iván Rodríguez Araya",5,"Left Center Back"
"940",3794691,773,"Switzerland",3,7796,"Silvan Widmer",7,"Right Wing Back"
"941",3794691,773,"Switzerland",14,5548,"Steven Zuber",8,"Left Wing Back"
"942",3794691,773,"Switzerland",8,6983,"Remo Freuler",9,"Right Defensive Midfield"
"943",3794691,773,"Switzerland",10,3500,"Granit Xhaka",11,"Left Defensive Midfield"
"944",3794691,773,"Switzerland",23,3533,"Xherdan Shaqiri",19,"Center Attacking Midfield"
"945",3794691,773,"Switzerland",7,5545,"Breel-Donald Embolo",22,"Right Center Forward"
"946",3794691,773,"Switzerland",9,5543,"Haris Seferovic",24,"Left Center Forward"
"947",3794692,790,"Sweden",1,5622,"Robin Olsen",1,"Goalkeeper"
"948",3794692,790,"Sweden",2,5612,"Mikael Lustig",2,"Right Back"
"949",3794692,790,"Sweden",3,3702,"Victor Nilsson Lindelöf",3,"Right Center Back"
"950",3794692,790,"Sweden",24,26875,"Marcus Andreas Danielsson",5,"Left Center Back"
"951",3794692,790,"Sweden",6,5621,"Ludwig Augustinsson",6,"Left Back"
"952",3794692,790,"Sweden",20,23444,"Kristoffer Olsson",9,"Right Defensive Midfield"
"953",3794692,790,"Sweden",8,5624,"Albin Ekdal",11,"Left Defensive Midfield"
"954",3794692,790,"Sweden",7,5617,"Sebastian Larsson",12,"Right Midfield"
"955",3794692,790,"Sweden",10,5625,"Emil Peter Forsberg",16,"Left Midfield"
"956",3794692,790,"Sweden",21,22818,"Dejan Kulusevski",22,"Right Center Forward"
"957",3794692,790,"Sweden",11,8819,"Alexander Isak",24,"Left Center Forward"
"958",3794692,911,"Ukraine",1,22243,"Heorhii Bushchan",1,"Goalkeeper"
"959",3794692,911,"Ukraine",13,39136,"Illia Zabarnyi",3,"Right Center Back"
"960",3794692,911,"Ukraine",4,18618,"Sergey Krivtsov",4,"Center Back"
"961",3794692,911,"Ukraine",22,18617,"Mykola Matviyenko",5,"Left Center Back"
"962",3794692,911,"Ukraine",21,31900,"Oleksandr Karavaev",7,"Right Wing Back"
"963",3794692,911,"Ukraine",17,3575,"Oleksandr Zinchenko",8,"Left Wing Back"
"964",3794692,911,"Ukraine",6,11000,"Taras Stepanenko",10,"Center Defensive Midfield"
"965",3794692,911,"Ukraine",5,16514,"Serhii Sydorchuk",13,"Right Center Midfield"
"966",3794692,911,"Ukraine",10,21294,"Mykola Shaparenko",15,"Left Center Midfield"
"967",3794692,911,"Ukraine",7,8830,"Andriy Yarmolenko",22,"Right Center Forward"
"968",3794692,911,"Ukraine",9,23649,"Roman Yaremchuk",24,"Left Center Forward"
"969",3795107,782,"Belgium",1,3509,"Thibaut Courtois",1,"Goalkeeper"
"970",3795107,782,"Belgium",2,20005,"Toby Alderweireld",3,"Right Center Back"
"971",3795107,782,"Belgium",3,6332,"Thomas Vermaelen",4,"Center Back"
"972",3795107,782,"Belgium",5,3077,"Jan Vertonghen",5,"Left Center Back"
"973",3795107,782,"Belgium",15,3176,"Thomas Meunier",7,"Right Wing Back"
"974",3795107,782,"Belgium",16,5632,"Thorgan Hazard",8,"Left Wing Back"
"975",3795107,782,"Belgium",8,2954,"Youri Tielemans",9,"Right Defensive Midfield"
"976",3795107,782,"Belgium",6,5642,"Axel Witsel",11,"Left Defensive Midfield"
"977",3795107,782,"Belgium",7,3089,"Kevin De Bruyne",18,"Right Attacking Midfield"
"978",3795107,782,"Belgium",25,23650,"Jeremy Doku",20,"Left Attacking Midfield"
"979",3795107,782,"Belgium",9,3289,"Romelu Lukaku Menama",23,"Center Forward"
"980",3795107,914,"Italy",21,7036,"Gianluigi Donnarumma",1,"Goalkeeper"
"981",3795107,914,"Italy",2,11514,"Giovanni Di Lorenzo",2,"Right Back"
"982",3795107,914,"Italy",19,7173,"Leonardo Bonucci",3,"Right Center Back"
"983",3795107,914,"Italy",3,6954,"Giorgio Chiellini",5,"Left Center Back"
"984",3795107,914,"Italy",4,8286,"Leonardo Spinazzola",6,"Left Back"
"985",3795107,914,"Italy",8,7024,"Jorge Luiz Frello Filho",10,"Center Defensive Midfield"
"986",3795107,914,"Italy",18,8181,"Nicolò Barella",13,"Right Center Midfield"
"987",3795107,914,"Italy",6,3166,"Marco Verratti",15,"Left Center Midfield"
"988",3795107,914,"Italy",14,7156,"Federico Chiesa",17,"Right Wing"
"989",3795107,914,"Italy",10,7037,"Lorenzo Insigne",21,"Left Wing"
"990",3795107,914,"Italy",17,7788,"Ciro Immobile",23,"Center Forward"
"991",3795108,773,"Switzerland",1,5550,"Yann Sommer",1,"Goalkeeper"
"992",3795108,773,"Switzerland",3,7796,"Silvan Widmer",2,"Right Back"
"993",3795108,773,"Switzerland",4,8814,"Nico Elvedi",3,"Right Center Back"
"994",3795108,773,"Switzerland",5,5549,"Manuel Obafemi Akanji",5,"Left Center Back"
"995",3795108,773,"Switzerland",13,5544,"Ricardo Iván Rodríguez Araya",6,"Left Back"
"996",3795108,773,"Switzerland",6,5538,"Denis Lemi Zakaria Lako Lado",13,"Right Center Midfield"
"997",3795108,773,"Switzerland",8,6983,"Remo Freuler",15,"Left Center Midfield"
"998",3795108,773,"Switzerland",7,5545,"Breel-Donald Embolo",17,"Right Wing"
"999",3795108,773,"Switzerland",23,3533,"Xherdan Shaqiri",19,"Center Attacking Midfield"
"1000",3795108,773,"Switzerland",14,5548,"Steven Zuber",21,"Left Wing"
"1001",3795108,773,"Switzerland",9,5543,"Haris Seferovic",23,"Center Forward"
"1002",3795108,772,"Spain",23,11748,"Unai Simón Mendibil",1,"Goalkeeper"
"1003",3795108,772,"Spain",2,3957,"César Azpilicueta Tanco",2,"Right Back"
"1004",3795108,772,"Spain",24,4353,"Aymeric Laporte",3,"Right Center Back"
"1005",3795108,772,"Spain",4,6892,"Pau Francisco Torres",5,"Left Center Back"
"1006",3795108,772,"Spain",18,5211,"Jordi Alba Ramos",6,"Left Back"
"1007",3795108,772,"Spain",5,5203,"Sergio Busquets i Burgos",10,"Center Defensive Midfield"
"1008",3795108,772,"Spain",8,5199,"Jorge Resurrección Merodio",13,"Right Center Midfield"
"1009",3795108,772,"Spain",26,30486,"Pedro González López",15,"Left Center Midfield"
"1010",3795108,772,"Spain",11,6748,"Ferrán Torres García",17,"Right Wing"
"1011",3795108,772,"Spain",22,6720,"Pablo Sarabia García",21,"Left Wing"
"1012",3795108,772,"Spain",7,3477,"Álvaro Borja Morata Martín",23,"Center Forward"
"1013",3795109,912,"Czech Republic",1,11541,"Tomáš Vaclík",1,"Goalkeeper"
"1014",3795109,912,"Czech Republic",5,16570,"Vladimír Coufal",2,"Right Back"
"1015",3795109,912,"Czech Republic",3,30328,"Ondrej Celustka",3,"Right Center Back"
"1016",3795109,912,"Czech Republic",6,13197,"Tomáš Kalas",5,"Left Center Back"
"1017",3795109,912,"Czech Republic",18,4875,"Jan Boril",6,"Left Back"
"1018",3795109,912,"Czech Republic",9,16469,"Tomáš Holeš",13,"Right Center Midfield"
"1019",3795109,912,"Czech Republic",15,4870,"Tomáš Soucek",15,"Left Center Midfield"
"1020",3795109,912,"Czech Republic",12,16472,"Lukáš Masopust",17,"Right Wing"
"1021",3795109,912,"Czech Republic",7,7801,"Antonín Barák",19,"Center Attacking Midfield"
"1022",3795109,912,"Czech Republic",13,23454,"Petr Ševcík",21,"Left Wing"
"1023",3795109,912,"Czech Republic",10,7044,"Patrik Schick",23,"Center Forward"
"1024",3795109,776,"Denmark",1,3815,"Kasper Schmeichel",1,"Goalkeeper"
"1025",3795109,776,"Denmark",6,3959,"Andreas Christensen",3,"Right Center Back"
"1026",3795109,776,"Denmark",4,5534,"Simon Thorup Kjær",4,"Center Back"
"1027",3795109,776,"Denmark",3,8815,"Jannik Vestergaard",5,"Left Center Back"
"1028",3795109,776,"Denmark",17,5524,"Jens Stryger Larsen",7,"Right Wing Back"
"1029",3795109,776,"Denmark",5,16554,"Joakim Mæhle",8,"Left Wing Back"
"1030",3795109,776,"Denmark",23,3570,"Pierre-Emile Højbjerg",9,"Right Defensive Midfield"
"1031",3795109,776,"Denmark",8,5527,"Thomas Delaney",11,"Left Defensive Midfield"
"1032",3795109,776,"Denmark",14,24443,"Mikkel Damsgaard",18,"Right Attacking Midfield"
"1033",3795109,776,"Denmark",9,4447,"Martin Braithwaite Christensen",20,"Left Attacking Midfield"
"1034",3795109,776,"Denmark",12,6302,"Kasper Dolberg",23,"Center Forward"
"1035",3795187,911,"Ukraine",1,22243,"Heorhii Bushchan",1,"Goalkeeper"
"1036",3795187,911,"Ukraine",13,39136,"Illia Zabarnyi",3,"Right Center Back"
"1037",3795187,911,"Ukraine",4,18618,"Sergey Krivtsov",4,"Center Back"
"1038",3795187,911,"Ukraine",22,18617,"Mykola Matviyenko",5,"Left Center Back"
"1039",3795187,911,"Ukraine",21,31900,"Oleksandr Karavaev",7,"Right Wing Back"
"1040",3795187,911,"Ukraine",16,20827,"Vitalii Mykolenko",8,"Left Wing Back"
"1041",3795187,911,"Ukraine",5,16514,"Serhii Sydorchuk",10,"Center Defensive Midfield"
"1042",3795187,911,"Ukraine",10,21294,"Mykola Shaparenko",13,"Right Center Midfield"
"1043",3795187,911,"Ukraine",17,3575,"Oleksandr Zinchenko",15,"Left Center Midfield"
"1044",3795187,911,"Ukraine",7,8830,"Andriy Yarmolenko",22,"Right Center Forward"
"1045",3795187,911,"Ukraine",9,23649,"Roman Yaremchuk",24,"Left Center Forward"
"1046",3795187,768,"England",1,3468,"Jordan Pickford",1,"Goalkeeper"
"1047",3795187,768,"England",2,3205,"Kyle Walker",2,"Right Back"
"1048",3795187,768,"England",5,3244,"John Stones",3,"Right Center Back"
"1049",3795187,768,"England",6,3336,"Harry Maguire",5,"Left Center Back"
"1050",3795187,768,"England",3,3382,"Luke Shaw",6,"Left Back"
"1051",3795187,768,"England",14,4706,"Kalvin Phillips",9,"Right Defensive Midfield"
"1052",3795187,768,"England",4,3943,"Declan Rice",11,"Left Defensive Midfield"
"1053",3795187,768,"England",17,12423,"Jadon Sancho",17,"Right Wing"
"1054",3795187,768,"England",19,7843,"Mason Mount",19,"Center Attacking Midfield"
"1055",3795187,768,"England",10,3233,"Raheem Sterling",21,"Left Wing"
"1056",3795187,768,"England",9,10955,"Harry Kane",23,"Center Forward"
"1057",3795220,914,"Italy",15,7036,"Gianluigi Donnarumma",1,"Goalkeeper"
"1058",3795220,914,"Italy",15,11514,"Giovanni Di Lorenzo",2,"Right Back"
"1059",3795220,914,"Italy",15,7173,"Leonardo Bonucci",3,"Right Center Back"
"1060",3795220,914,"Italy",15,6954,"Giorgio Chiellini",5,"Left Center Back"
"1061",3795220,914,"Italy",15,4355,"Emerson Palmieri dos Santos",6,"Left Back"
"1062",3795220,914,"Italy",15,7024,"Jorge Luiz Frello Filho",10,"Center Defensive Midfield"
"1063",3795220,914,"Italy",15,8181,"Nicolò Barella",13,"Right Center Midfield"
"1064",3795220,914,"Italy",15,3166,"Marco Verratti",15,"Left Center Midfield"
"1065",3795220,914,"Italy",15,7156,"Federico Chiesa",17,"Right Wing"
"1066",3795220,914,"Italy",15,7037,"Lorenzo Insigne",21,"Left Wing"
"1067",3795220,914,"Italy",15,7788,"Ciro Immobile",23,"Center Forward"
"1068",3795220,772,"Spain",15,11748,"Unai Simón Mendibil",1,"Goalkeeper"
"1069",3795220,772,"Spain",15,3957,"César Azpilicueta Tanco",2,"Right Back"
"1070",3795220,772,"Spain",15,31953,"Eric García Martret",3,"Right Center Back"
"1071",3795220,772,"Spain",15,4353,"Aymeric Laporte",5,"Left Center Back"
"1072",3795220,772,"Spain",15,5211,"Jordi Alba Ramos",6,"Left Back"
"1073",3795220,772,"Spain",15,5203,"Sergio Busquets i Burgos",10,"Center Defensive Midfield"
"1074",3795220,772,"Spain",15,5199,"Jorge Resurrección Merodio",13,"Right Center Midfield"
"1075",3795220,772,"Spain",15,30486,"Pedro González López",15,"Left Center Midfield"
"1076",3795220,772,"Spain",15,6685,"Mikel Oyarzabal Ugarte",17,"Right Wing"
"1077",3795220,772,"Spain",15,6748,"Ferrán Torres García",21,"Left Wing"
"1078",3795220,772,"Spain",15,16532,"Daniel Olmo Carvajal",23,"Center Forward"
"1079",3795221,768,"England",1,3468,"Jordan Pickford",1,"Goalkeeper"
"1080",3795221,768,"England",2,3205,"Kyle Walker",2,"Right Back"
"1081",3795221,768,"England",5,3244,"John Stones",3,"Right Center Back"
"1082",3795221,768,"England",6,3336,"Harry Maguire",5,"Left Center Back"
"1083",3795221,768,"England",3,3382,"Luke Shaw",6,"Left Back"
"1084",3795221,768,"England",14,4706,"Kalvin Phillips",9,"Right Defensive Midfield"
"1085",3795221,768,"England",4,3943,"Declan Rice",11,"Left Defensive Midfield"
"1086",3795221,768,"England",25,22084,"Bukayo Saka",17,"Right Wing"
"1087",3795221,768,"England",19,7843,"Mason Mount",19,"Center Attacking Midfield"
"1088",3795221,768,"England",10,3233,"Raheem Sterling",21,"Left Wing"
"1089",3795221,768,"England",9,10955,"Harry Kane",23,"Center Forward"
"1090",3795221,776,"Denmark",1,3815,"Kasper Schmeichel",1,"Goalkeeper"
"1091",3795221,776,"Denmark",6,3959,"Andreas Christensen",3,"Right Center Back"
"1092",3795221,776,"Denmark",4,5534,"Simon Thorup Kjær",4,"Center Back"
"1093",3795221,776,"Denmark",3,8815,"Jannik Vestergaard",5,"Left Center Back"
"1094",3795221,776,"Denmark",17,5524,"Jens Stryger Larsen",7,"Right Wing Back"
"1095",3795221,776,"Denmark",5,16554,"Joakim Mæhle",8,"Left Wing Back"
"1096",3795221,776,"Denmark",23,3570,"Pierre-Emile Højbjerg",9,"Right Defensive Midfield"
"1097",3795221,776,"Denmark",8,5527,"Thomas Delaney",11,"Left Defensive Midfield"
"1098",3795221,776,"Denmark",9,4447,"Martin Braithwaite Christensen",17,"Right Wing"
"1099",3795221,776,"Denmark",14,24443,"Mikkel Damsgaard",21,"Left Wing"
"1100",3795221,776,"Denmark",12,6302,"Kasper Dolberg",23,"Center Forward"
"1101",3795506,914,"Italy",21,7036,"Gianluigi Donnarumma",1,"Goalkeeper"
"1102",3795506,914,"Italy",2,11514,"Giovanni Di Lorenzo",2,"Right Back"
"1103",3795506,914,"Italy",19,7173,"Leonardo Bonucci",3,"Right Center Back"
"1104",3795506,914,"Italy",3,6954,"Giorgio Chiellini",5,"Left Center Back"
"1105",3795506,914,"Italy",13,4355,"Emerson Palmieri dos Santos",6,"Left Back"
"1106",3795506,914,"Italy",8,7024,"Jorge Luiz Frello Filho",10,"Center Defensive Midfield"
"1107",3795506,914,"Italy",18,8181,"Nicolò Barella",13,"Right Center Midfield"
"1108",3795506,914,"Italy",6,3166,"Marco Verratti",15,"Left Center Midfield"
"1109",3795506,914,"Italy",14,7156,"Federico Chiesa",17,"Right Wing"
"1110",3795506,914,"Italy",10,7037,"Lorenzo Insigne",21,"Left Wing"
"1111",3795506,914,"Italy",17,7788,"Ciro Immobile",23,"Center Forward"
"1112",3795506,768,"England",1,3468,"Jordan Pickford",1,"Goalkeeper"
"1113",3795506,768,"England",2,3205,"Kyle Walker",3,"Right Center Back"
"1114",3795506,768,"England",5,3244,"John Stones",4,"Center Back"
"1115",3795506,768,"England",6,3336,"Harry Maguire",5,"Left Center Back"
"1116",3795506,768,"England",12,3308,"Kieran Trippier",7,"Right Wing Back"
"1117",3795506,768,"England",3,3382,"Luke Shaw",8,"Left Wing Back"
"1118",3795506,768,"England",14,4706,"Kalvin Phillips",9,"Right Defensive Midfield"
"1119",3795506,768,"England",4,3943,"Declan Rice",11,"Left Defensive Midfield"
"1120",3795506,768,"England",10,3233,"Raheem Sterling",18,"Right Attacking Midfield"
"1121",3795506,768,"England",19,7843,"Mason Mount",20,"Left Attacking Midfield"
"1122",3795506,768,"England",9,10955,"Harry Kane",23,"Center Forward"
